-- phpMyAdmin SQL Dump
-- version 4.4.3
-- http://www.phpmyadmin.net
--
-- Host: localhost
-- Generation Time: Dec 10, 2016 at 05:44 PM
-- Server version: 5.6.24
-- PHP Version: 5.6.8

SET SQL_MODE = "NO_AUTO_VALUE_ON_ZERO";
SET time_zone = "+00:00";


/*!40101 SET @OLD_CHARACTER_SET_CLIENT=@@CHARACTER_SET_CLIENT */;
/*!40101 SET @OLD_CHARACTER_SET_RESULTS=@@CHARACTER_SET_RESULTS */;
/*!40101 SET @OLD_COLLATION_CONNECTION=@@COLLATION_CONNECTION */;
/*!40101 SET NAMES utf8 */;

--
-- Database: `locations`
--
CREATE DATABASE IF NOT EXISTS `locations` DEFAULT CHARACTER SET latin1 COLLATE latin1_swedish_ci;
USE `locations`;

-- --------------------------------------------------------

--
-- Table structure for table `counties`
--

DROP TABLE IF EXISTS `counties`;
CREATE TABLE IF NOT EXISTS `counties` (
  `id` int(10) unsigned NOT NULL,
  `country_id` int(10) unsigned DEFAULT NULL,
  `name` varchar(45) DEFAULT NULL
) ENGINE=InnoDB AUTO_INCREMENT=3883 DEFAULT CHARSET=utf8;

--
-- Dumping data for table `counties`
--

INSERT INTO `counties` (`id`, `country_id`, `name`) VALUES
(1, 4, 'Badakhshan'),
(2, 4, 'Badghis Province'),
(3, 4, 'Baghlān'),
(4, 4, 'Bāmīān'),
(5, 4, 'Farah'),
(6, 4, 'Faryab Province'),
(7, 4, 'Ghaznī'),
(8, 4, 'Ghowr'),
(9, 4, 'Helmand Province'),
(10, 4, 'Herat Province'),
(11, 4, 'Kabul'),
(12, 4, 'Kāpīsā'),
(13, 4, 'Lowgar'),
(14, 4, 'Nangarhār'),
(15, 4, 'Nīmrūz'),
(16, 4, 'Orūzgān'),
(17, 4, 'Kandahār'),
(18, 4, 'Kunduz Province'),
(19, 4, 'Takhār'),
(20, 4, 'Vardak'),
(21, 4, 'Zabul Province'),
(22, 4, 'Paktīkā'),
(23, 4, 'Balkh'),
(24, 4, 'Jowzjān'),
(25, 4, 'Samangān'),
(26, 4, 'Sar-e Pol'),
(27, 4, 'Konar'),
(28, 4, 'Laghmān'),
(29, 4, 'Paktia Province'),
(30, 4, 'Khowst'),
(31, 4, 'Nūrestān'),
(32, 4, 'Parvān'),
(33, 4, 'Dāykondī'),
(34, 4, 'Panjshīr'),
(35, 8, 'Berat'),
(36, 8, 'Dibër'),
(37, 8, 'Durrës'),
(38, 8, 'Elbasan'),
(39, 8, 'Fier'),
(40, 8, 'Gjirokastër'),
(41, 8, 'Korçë'),
(42, 8, 'Kukës'),
(43, 8, 'Lezhë'),
(44, 8, 'Shkodër'),
(45, 8, 'Tiranë'),
(46, 8, 'Vlorë'),
(47, 12, 'Alger'),
(48, 12, 'Batna'),
(49, 12, 'Constantine'),
(50, 12, 'Médéa'),
(51, 12, 'Mostaganem'),
(52, 12, 'Oran'),
(53, 12, 'Saïda'),
(54, 12, 'Sétif'),
(55, 12, 'Tiaret'),
(56, 12, 'Tizi Ouzou'),
(57, 12, 'Tlemcen'),
(58, 12, 'Bejaïa'),
(59, 12, 'Biskra'),
(60, 12, 'Blida'),
(61, 12, 'Bouira'),
(62, 12, 'Djelfa'),
(63, 12, 'Guelma'),
(64, 12, 'Jijel'),
(65, 12, 'Laghouat'),
(66, 12, 'Mascara'),
(67, 12, 'Mʼsila'),
(68, 12, 'Oum el Bouaghi'),
(69, 12, 'Sidi Bel Abbès'),
(70, 12, 'Skikda'),
(71, 12, 'Tébessa'),
(72, 12, 'Adrar'),
(73, 12, 'Aïn Defla'),
(74, 12, 'Aïn Temouchent'),
(75, 12, 'Annaba'),
(76, 12, 'Béchar'),
(77, 12, 'Bordj Bou Arréridj'),
(78, 12, 'Boumerdes'),
(79, 12, 'Chlef'),
(80, 12, 'El Bayadh'),
(81, 12, 'El Oued'),
(82, 12, 'El Tarf'),
(83, 12, 'Ghardaïa'),
(84, 12, 'Illizi'),
(85, 12, 'Khenchela'),
(86, 12, 'Mila'),
(87, 12, 'Naama النعامة'),
(88, 12, 'Ouargla'),
(89, 12, 'Relizane'),
(90, 12, 'Souk Ahras'),
(91, 12, 'Tamanghasset'),
(92, 12, 'Tindouf'),
(93, 12, 'Tipaza'),
(94, 12, 'Tissemsilt'),
(95, 16, 'American Samoa'),
(96, 20, 'Parròquia de Canillo'),
(97, 20, 'Parròquia dʼEncamp'),
(98, 20, 'Parròquia de la Massana'),
(99, 20, 'Parròquia dʼOrdino'),
(100, 20, 'Parròquia de Sant Julià de Lòria'),
(101, 20, 'Parròquia dʼAndorra la Vella'),
(102, 20, 'Parròquia dʼEscaldes-Engordany'),
(103, 24, 'Benguela'),
(104, 24, 'Bié'),
(105, 24, 'Cabinda'),
(106, 24, 'Cuando Cubango'),
(107, 24, 'Cuanza Norte'),
(108, 24, 'Cuanza Sul'),
(109, 24, 'Cunene'),
(110, 24, 'Huambo'),
(111, 24, 'Huíla'),
(112, 24, 'Luanda'),
(113, 24, 'Malanje'),
(114, 24, 'Namibe'),
(115, 24, 'Moxico'),
(116, 24, 'Uíge'),
(117, 24, 'Zaire'),
(118, 24, 'Lunda Norte'),
(119, 24, 'Lunda Sul'),
(120, 24, 'Bengo'),
(121, 28, 'Redonda'),
(122, 28, 'Barbuda'),
(123, 28, 'Saint George'),
(124, 28, 'Saint John'),
(125, 28, 'Saint Mary'),
(126, 28, 'Saint Paul'),
(127, 28, 'Saint Peter'),
(128, 28, 'Saint Philip'),
(129, 31, 'Abşeron'),
(130, 31, 'Ağcabǝdi'),
(131, 31, 'Ağdam'),
(132, 31, 'Ağdaş'),
(133, 31, 'Ağstafa'),
(134, 31, 'Ağsu'),
(135, 31, 'Əli Bayramli'),
(136, 31, 'Astara'),
(137, 31, 'Baki'),
(138, 31, 'Balakǝn'),
(139, 31, 'Bǝrdǝ'),
(140, 31, 'Beylǝqan'),
(141, 31, 'Bilǝsuvar'),
(142, 31, 'Cǝbrayıl'),
(143, 31, 'Cǝlilabad'),
(144, 31, 'Daşkǝsǝn'),
(145, 31, 'Dǝvǝçi'),
(146, 31, 'Füzuli'),
(147, 31, 'Gǝdǝbǝy'),
(148, 31, 'Gǝncǝ'),
(149, 31, 'Goranboy'),
(150, 31, 'Göyçay'),
(151, 31, 'Hacıqabul'),
(152, 31, 'İmişli'),
(153, 31, 'İsmayıllı'),
(154, 31, 'Kǝlbǝcǝr'),
(155, 31, 'Kürdǝmir'),
(156, 31, 'Laçın'),
(157, 31, 'Lǝnkǝran'),
(158, 31, 'Lǝnkǝran Şǝhǝri'),
(159, 31, 'Lerik'),
(160, 31, 'Masallı'),
(161, 31, 'Mingǝcevir'),
(162, 31, 'Naftalan'),
(163, 31, 'Nakhichevan'),
(164, 31, 'Neftçala'),
(165, 31, 'Oğuz'),
(166, 31, 'Qǝbǝlǝ'),
(167, 31, 'Qǝx'),
(168, 31, 'Qazax'),
(169, 31, 'Qobustan'),
(170, 31, 'Quba'),
(171, 31, 'Qubadlı'),
(172, 31, 'Qusar'),
(173, 31, 'Saatlı'),
(174, 31, 'Sabirabad'),
(175, 31, 'Şǝki'),
(177, 31, 'Salyan'),
(178, 31, 'Şamaxı'),
(179, 31, 'Şǝmkir'),
(180, 31, 'Samux'),
(181, 31, 'Siyǝzǝn'),
(182, 31, 'Sumqayit'),
(183, 31, 'Şuşa'),
(184, 31, 'Şuşa Şəhəri'),
(185, 31, 'Tǝrtǝr'),
(186, 31, 'Tovuz'),
(187, 31, 'Ucar'),
(188, 31, 'Xaçmaz'),
(189, 31, 'Xankǝndi'),
(190, 31, 'Xanlar'),
(191, 31, 'Xızı'),
(192, 31, 'Xocalı'),
(193, 31, 'Xocavǝnd'),
(194, 31, 'Yardımlı'),
(195, 31, 'Yevlax'),
(197, 31, 'Zǝngilan'),
(198, 31, 'Zaqatala'),
(199, 31, 'Zǝrdab'),
(200, 32, 'Buenos Aires'),
(201, 32, 'Catamarca'),
(202, 32, 'Chaco'),
(203, 32, 'Chubut'),
(204, 32, 'Córdoba'),
(205, 32, 'Corrientes'),
(206, 32, 'Distrito Federal'),
(207, 32, 'Entre Ríos'),
(208, 32, 'Formosa'),
(209, 32, 'Jujuy'),
(210, 32, 'La Pampa'),
(211, 32, 'La Rioja'),
(212, 32, 'Mendoza'),
(213, 32, 'Misiones'),
(214, 32, 'Neuquén'),
(215, 32, 'Río Negro'),
(216, 32, 'Salta'),
(217, 32, 'San Juan'),
(218, 32, 'San Luis'),
(219, 32, 'Santa Cruz'),
(220, 32, 'Santa Fe'),
(221, 32, 'Santiago del Estero'),
(222, 32, 'Tierra del Fuego, Antártida e Islas del Atlán'),
(223, 32, 'Tucumán'),
(224, 36, 'Australian Capital Territory'),
(225, 36, 'New South Wales'),
(226, 36, 'Northern Territory'),
(227, 36, 'Queensland'),
(228, 36, 'South Australia'),
(229, 36, 'Tasmania'),
(230, 36, 'Victoria'),
(231, 36, 'Western Australia'),
(232, 40, 'Burgenland'),
(233, 40, 'Carinthia'),
(234, 40, 'Lower Austria'),
(235, 40, 'Upper Austria'),
(236, 40, 'Salzburg'),
(237, 40, 'Styria'),
(238, 40, 'Tyrol'),
(239, 40, 'Vorarlberg'),
(240, 40, 'Vienna'),
(241, 44, 'Bimini'),
(242, 44, 'Cat Island'),
(243, 44, 'Inagua'),
(244, 44, 'Long Island'),
(245, 44, 'Mayaguana'),
(246, 44, 'Ragged Island'),
(247, 44, 'Harbour Island, Eleuthera'),
(248, 44, 'North Abaco'),
(249, 44, 'Acklins'),
(250, 44, 'City of Freeport, Grand Bahama'),
(251, 44, 'South Andros'),
(252, 44, 'Hope Town, Abaco'),
(253, 44, 'Mangrove Cay, Andros'),
(254, 44, 'Mooreʼs Island, Abaco'),
(255, 44, 'Rum Cay'),
(256, 44, 'North Andros'),
(257, 44, 'North Eleuthera'),
(258, 44, 'South Eleuthera'),
(259, 44, 'South Abaco'),
(260, 44, 'San Salvador'),
(261, 44, 'Berry Islands'),
(262, 44, 'Black Point, Exuma'),
(263, 44, 'Central Abaco'),
(264, 44, 'Central Andros'),
(265, 44, 'Central Eleuthera'),
(266, 44, 'Crooked Island'),
(267, 44, 'East Grand Bahama'),
(268, 44, 'Exuma'),
(269, 44, 'Grand Cay, Abaco'),
(270, 44, 'Spanish Wells, Eleuthera'),
(271, 44, 'West Grand Bahama'),
(272, 48, 'Southern Governate'),
(273, 48, 'Northern Governate'),
(274, 48, 'Capital Governate'),
(275, 48, 'Central Governate'),
(276, 48, 'Muharraq Governate'),
(277, 50, 'BG80'),
(278, 50, 'Dhaka'),
(279, 50, 'Khulna'),
(280, 50, 'Rājshāhi'),
(281, 50, 'Chittagong'),
(282, 50, 'Barisāl'),
(283, 50, 'Sylhet'),
(284, 51, 'Aragatsotn'),
(285, 51, 'Ararat'),
(286, 51, 'Armavir'),
(287, 51, 'Gegharkʼunikʼ'),
(288, 51, 'Kotaykʼ'),
(289, 51, 'Lorri'),
(290, 51, 'Shirak'),
(291, 51, 'Syunikʼ'),
(292, 51, 'Tavush'),
(293, 51, 'Vayotsʼ Dzor'),
(294, 51, 'Yerevan'),
(295, 52, 'Christ Church'),
(296, 52, 'Saint Andrew'),
(298, 52, 'Saint James'),
(300, 52, 'Saint Joseph'),
(301, 52, 'Saint Lucy'),
(302, 52, 'Saint Michael'),
(305, 52, 'Saint Thomas'),
(306, 56, 'Bruxelles-Capitale'),
(307, 56, 'Flanders'),
(308, 56, 'Wallonia'),
(309, 60, 'Devonshire'),
(310, 60, 'Hamilton (parish)'),
(311, 60, 'Hamilton (city)'),
(312, 60, 'Paget'),
(313, 60, 'Pembroke'),
(314, 60, 'Saint Georgeʼs (parish)'),
(315, 60, 'Saint Georgeʼs (city)'),
(316, 60, 'Sandys'),
(317, 60, 'Smithʼs'),
(318, 60, 'Southampton'),
(319, 60, 'Warwick'),
(320, 64, 'Bumthang'),
(321, 64, 'Chhukha'),
(322, 64, 'Chirang'),
(323, 64, 'Daga'),
(324, 64, 'Geylegphug'),
(325, 64, 'Ha'),
(326, 64, 'Lhuntshi'),
(327, 64, 'Mongar'),
(328, 64, 'Paro District'),
(329, 64, 'Pemagatsel'),
(330, 64, 'Samchi'),
(331, 64, 'Samdrup Jongkhar District'),
(332, 64, 'Shemgang'),
(333, 64, 'Tashigang'),
(334, 64, 'Thimphu'),
(335, 64, 'Tongsa'),
(336, 64, 'Wangdi Phodrang'),
(337, 68, 'Chuquisaca'),
(338, 68, 'Cochabamba'),
(339, 68, 'El Beni'),
(340, 68, 'La Paz'),
(341, 68, 'Oruro'),
(342, 68, 'Pando'),
(343, 68, 'Potosí'),
(345, 68, 'Tarija'),
(346, 70, 'Federation of Bosnia and Herzegovina'),
(347, 70, 'Republika Srpska'),
(348, 70, 'Brčko'),
(349, 72, 'Central'),
(350, 72, 'Chobe'),
(351, 72, 'Ghanzi'),
(352, 72, 'Kgalagadi'),
(353, 72, 'Kgatleng'),
(354, 72, 'Kweneng'),
(355, 72, 'Ngamiland'),
(356, 72, 'North East'),
(357, 72, 'South East'),
(358, 72, 'Southern'),
(359, 72, 'North West'),
(360, 76, 'Acre'),
(361, 76, 'Alagoas'),
(362, 76, 'Amapá'),
(363, 76, 'Estado do Amazonas'),
(364, 76, 'Bahia'),
(365, 76, 'Ceará'),
(367, 76, 'Espírito Santo'),
(368, 76, 'Fernando de Noronha'),
(369, 76, 'Goias'),
(370, 76, 'Mato Grosso do Sul'),
(371, 76, 'Maranhão'),
(372, 76, 'Mato Grosso'),
(373, 76, 'Minas Gerais'),
(374, 76, 'Pará'),
(375, 76, 'Paraíba'),
(376, 76, 'Paraná'),
(377, 76, 'Pernambuco'),
(378, 76, 'Piauí'),
(379, 76, 'State of Rio de Janeiro'),
(380, 76, 'Rio Grande do Norte'),
(381, 76, 'Rio Grande do Sul'),
(382, 76, 'Rondônia'),
(383, 76, 'Roraima'),
(384, 76, 'Santa Catarina'),
(385, 76, 'São Paulo'),
(386, 76, 'Sergipe'),
(387, 76, 'Estado de Goiás'),
(389, 76, 'Tocantins'),
(390, 84, 'Belize'),
(391, 84, 'Cayo'),
(392, 84, 'Corozal'),
(393, 84, 'Orange Walk'),
(394, 84, 'Stann Creek'),
(395, 84, 'Toledo'),
(396, 86, 'British Indian Ocean Territory'),
(397, 90, 'Malaita'),
(398, 90, 'Western'),
(400, 90, 'Guadalcanal'),
(401, 90, 'Isabel'),
(402, 90, 'Makira'),
(403, 90, 'Temotu'),
(404, 90, 'Central Province'),
(405, 90, 'Choiseul'),
(406, 90, 'Rennell and Bellona'),
(408, 92, 'British Virgin Islands'),
(409, 96, 'Belait'),
(410, 96, 'Brunei and Muara'),
(411, 96, 'Temburong'),
(412, 96, 'Tutong'),
(413, 100, 'Burgas'),
(414, 100, 'Grad'),
(415, 100, 'Khaskovo'),
(416, 100, 'Lovech'),
(417, 100, 'Mikhaylovgrad'),
(418, 100, 'Plovdiv'),
(419, 100, 'Razgrad'),
(420, 100, 'Sofiya'),
(421, 100, 'Varna'),
(422, 100, 'Blagoevgrad'),
(424, 100, 'Dobrich'),
(425, 100, 'Gabrovo'),
(426, 100, 'Oblast Sofiya-Grad'),
(428, 100, 'Kŭrdzhali'),
(429, 100, 'Kyustendil'),
(431, 100, 'Montana'),
(432, 100, 'Pazardzhit'),
(433, 100, 'Pernik'),
(434, 100, 'Pleven'),
(437, 100, 'Ruse'),
(438, 100, 'Shumen'),
(439, 100, 'Silistra'),
(440, 100, 'Sliven'),
(441, 100, 'Smolyan'),
(443, 100, 'Stara Zagora'),
(444, 100, 'Tŭrgovishte'),
(446, 100, 'Veliko Tŭrnovo'),
(447, 100, 'Vidin'),
(448, 100, 'Vratsa'),
(449, 100, 'Yambol'),
(450, 104, 'Rakhine State'),
(451, 104, 'Chin State'),
(452, 104, 'Ayeyarwady'),
(453, 104, 'Kachin State'),
(454, 104, 'Kayin State'),
(455, 104, 'Kayah State'),
(456, 104, 'Magwe'),
(457, 104, 'Mandalay'),
(458, 104, 'Pegu'),
(459, 104, 'Sagain'),
(460, 104, 'Shan State'),
(461, 104, 'Tanintharyi'),
(462, 104, 'Mon State'),
(463, 104, 'Rangoon'),
(464, 104, 'Magway'),
(465, 104, 'Bago'),
(466, 104, 'Yangon'),
(467, 108, 'Bujumbura'),
(468, 108, 'Bubanza'),
(469, 108, 'Bururi'),
(470, 108, 'Cankuzo'),
(471, 108, 'Cibitoke'),
(472, 108, 'Gitega'),
(473, 108, 'Karuzi'),
(474, 108, 'Kayanza'),
(475, 108, 'Kirundo'),
(476, 108, 'Makamba'),
(477, 108, 'Muyinga'),
(478, 108, 'Ngozi'),
(479, 108, 'Rutana'),
(480, 108, 'Ruyigi'),
(481, 108, 'Muramvya'),
(482, 108, 'Mwaro'),
(483, 112, 'Brestskaya Voblastsʼ'),
(484, 112, 'Homyelʼskaya Voblastsʼ'),
(485, 112, 'Hrodzyenskaya Voblastsʼ'),
(486, 112, 'Mahilyowskaya Voblastsʼ'),
(487, 112, 'Horad Minsk'),
(488, 112, 'Minskaya Voblastsʼ'),
(489, 112, 'Vitsyebskaya Voblastsʼ'),
(490, 116, 'Krŏng Preăh Seihânŭ'),
(491, 116, 'Kâmpóng Cham'),
(492, 116, 'Kâmpóng Chhnăng'),
(493, 116, 'Khétt Kâmpóng Spœ'),
(494, 116, 'Kâmpóng Thum'),
(495, 116, 'Kândal'),
(496, 116, 'Kaôh Kŏng'),
(497, 116, 'Krâchéh'),
(498, 116, 'Môndól Kiri'),
(499, 116, 'Phnum Penh'),
(500, 116, 'Poŭthĭsăt'),
(501, 116, 'Preăh Vihéar'),
(502, 116, 'Prey Vêng'),
(503, 116, 'Stœ̆ng Trêng'),
(504, 116, 'Svay Riĕng'),
(505, 116, 'Takêv'),
(506, 116, 'Kâmpôt'),
(508, 116, 'Rôtânăh Kiri'),
(509, 116, 'Siĕm Réab'),
(510, 116, 'Bantéay Méan Cheăy'),
(511, 116, 'Kêb'),
(512, 116, 'Ŏtdâr Méan Cheăy'),
(513, 116, 'Preăh Seihânŭ'),
(514, 116, 'Bătdâmbâng'),
(515, 116, 'Palĭn'),
(516, 120, 'Est'),
(517, 120, 'Littoral'),
(518, 120, 'North-West Province'),
(519, 120, 'Ouest'),
(520, 120, 'South-West Province'),
(521, 120, 'Adamaoua'),
(522, 120, 'Centre'),
(523, 120, 'Extreme-Nord'),
(524, 120, 'North Province'),
(525, 120, 'South Province'),
(526, 124, 'Alberta'),
(527, 124, 'British Columbia'),
(528, 124, 'Manitoba'),
(529, 124, 'New Brunswick'),
(530, 124, 'Newfoundland and Labrador'),
(531, 124, 'Nova Scotia'),
(532, 124, 'Ontario'),
(533, 124, 'Prince Edward Island'),
(534, 124, 'Quebec'),
(535, 124, 'Saskatchewan'),
(536, 124, 'Yukon'),
(537, 124, 'Northwest Territories'),
(538, 124, 'Nunavut'),
(539, 132, 'Boa Vista'),
(540, 132, 'Brava'),
(541, 132, 'Maio'),
(542, 132, 'Paul'),
(543, 132, 'Praia'),
(544, 132, 'Ribeira Grande'),
(545, 132, 'Sal'),
(547, 132, 'São Nicolau'),
(548, 132, 'São Vicente'),
(549, 132, 'Tarrafal '),
(550, 132, 'Mosteiros'),
(554, 132, 'São Domingos'),
(555, 132, 'São Filipe'),
(556, 132, 'São Miguel'),
(558, 136, 'Creek'),
(559, 136, 'Eastern'),
(560, 136, 'Midland'),
(561, 136, 'South Town'),
(562, 136, 'Spot Bay'),
(563, 136, 'Stake Bay'),
(564, 136, 'West End'),
(566, 140, 'Bamingui-Bangoran'),
(567, 140, 'Basse-Kotto'),
(568, 140, 'Haute-Kotto'),
(569, 140, 'Mambéré-Kadéï'),
(570, 140, 'Haut-Mbomou'),
(571, 140, 'Kémo'),
(572, 140, 'Lobaye'),
(573, 140, 'Mbomou'),
(574, 140, 'Nana-Mambéré'),
(575, 140, 'Ouaka'),
(576, 140, 'Ouham'),
(577, 140, 'Ouham-Pendé'),
(578, 140, 'Vakaga'),
(579, 140, 'Nana-Grébizi'),
(580, 140, 'Sangha-Mbaéré'),
(581, 140, 'Ombella-Mpoko'),
(582, 140, 'Bangui'),
(584, 144, 'North Central'),
(585, 144, 'North Eastern'),
(586, 144, 'North Western'),
(587, 144, 'Sabaragamuwa'),
(589, 144, 'Uva'),
(591, 148, 'Batha'),
(592, 148, 'Biltine'),
(593, 148, 'Borkou-Ennedi-Tibesti'),
(594, 148, 'Chari-Baguirmi'),
(595, 148, 'Guéra'),
(596, 148, 'Kanem'),
(597, 148, 'Lac'),
(598, 148, 'Logone Occidental'),
(599, 148, 'Logone Oriental'),
(600, 148, 'Mayo-Kébbi'),
(601, 148, 'Moyen-Chari'),
(602, 148, 'Ouaddaï'),
(603, 148, 'Salamat'),
(604, 148, 'Tandjilé'),
(605, 152, 'Valparaíso'),
(606, 152, 'Aisén del General Carlos Ibáñez del Campo'),
(607, 152, 'Antofagasta'),
(608, 152, 'Araucanía'),
(609, 152, 'Atacama'),
(610, 152, 'Bío-Bío'),
(611, 152, 'Coquimbo'),
(612, 152, 'Libertador General Bernardo OʼHiggins'),
(613, 152, 'Los Lagos'),
(614, 152, 'Magallanes y Antártica Chilena'),
(615, 152, 'Maule'),
(616, 152, 'Región Metropolitana'),
(617, 152, 'Tarapaca'),
(620, 152, 'Región de Arica y Parinacota'),
(621, 152, 'Región de Los Ríos'),
(622, 156, 'Anhui'),
(623, 156, 'Zhejiang'),
(624, 156, 'Jiangxi'),
(625, 156, 'Jiangsu'),
(626, 156, 'Jilin'),
(627, 156, 'Qinghai'),
(628, 156, 'Fujian'),
(629, 156, 'Heilongjiang'),
(630, 156, 'Henan'),
(631, 156, 'disputed'),
(632, 156, 'Hebei'),
(633, 156, 'Hunan Province'),
(634, 156, 'Hubei'),
(635, 156, 'Xinjiang'),
(636, 156, 'Xizang'),
(637, 156, 'Gansu'),
(638, 156, 'Guangxi'),
(639, 156, 'Guizhou'),
(640, 156, 'Liaoning Province'),
(641, 156, 'Inner Mongolia'),
(642, 156, 'Ningxia'),
(643, 156, 'Beijing'),
(644, 156, 'Shanghai'),
(645, 156, 'Shanxi'),
(646, 156, 'Shandong'),
(647, 156, 'Shaanxi'),
(648, 156, 'Tianjin'),
(649, 156, 'Yunnan Province'),
(650, 156, 'Guangdong'),
(651, 156, 'Hainan Province'),
(652, 156, 'Sichuan'),
(653, 156, 'Chongqing'),
(654, 156, 'PF99'),
(655, 158, 'Fukien'),
(656, 158, 'Kaohsiung'),
(657, 158, 'Taipei'),
(658, 158, 'Taiwan'),
(659, 162, 'Christmas Island'),
(660, 166, 'Cocos (Keeling) Islands'),
(661, 170, 'Amazonas'),
(662, 170, 'Antioquia'),
(663, 170, 'Arauca'),
(664, 170, 'Atlántico'),
(665, 170, 'Bolívar'),
(666, 170, 'Boyacá'),
(667, 170, 'Caldas'),
(668, 170, 'Caquetá'),
(669, 170, 'Cauca'),
(670, 170, 'Cesar'),
(671, 170, 'Chocó'),
(673, 170, 'Guaviare'),
(674, 170, 'Guainía'),
(676, 170, 'La Guajira'),
(677, 170, 'Magdalena'),
(678, 170, 'Meta'),
(679, 170, 'Nariño'),
(680, 170, 'Norte de Santander'),
(681, 170, 'Putumayo'),
(682, 170, 'Quindío'),
(683, 170, 'Risaralda'),
(684, 170, 'Archipiélago de San Andrés, Providencia y San'),
(685, 170, 'Santander'),
(686, 170, 'Sucre'),
(687, 170, 'Tolima'),
(688, 170, 'Valle del Cauca'),
(689, 170, 'Vaupés'),
(690, 170, 'Vichada'),
(691, 170, 'Casanare'),
(692, 170, 'Cundinamarca'),
(693, 170, 'Bogota D.C.'),
(698, 174, 'Anjouan'),
(699, 174, 'Grande Comore'),
(700, 174, 'Mohéli'),
(701, 175, 'Mayotte'),
(702, 178, 'Bouenza'),
(703, 178, 'CF03'),
(704, 178, 'Kouilou'),
(705, 178, 'Lékoumou'),
(706, 178, 'Likouala'),
(707, 178, 'Niari'),
(708, 178, 'Plateaux'),
(709, 178, 'Sangha'),
(710, 178, 'Pool'),
(711, 178, 'Brazzaville'),
(712, 178, 'Cuvette'),
(713, 178, 'Cuvette-Ouest'),
(714, 178, 'Pointe-Noire'),
(715, 180, 'Bandundu'),
(716, 180, 'Équateur'),
(717, 180, 'Kasaï-Occidental'),
(718, 180, 'Kasaï-Oriental'),
(719, 180, 'Katanga'),
(720, 180, 'Kinshasa'),
(721, 180, 'Bas-Congo'),
(722, 180, 'Orientale'),
(723, 180, 'Maniema'),
(724, 180, 'Nord-Kivu'),
(725, 180, 'Sud-Kivu'),
(726, 184, 'Cook Islands'),
(727, 188, 'Alajuela'),
(728, 188, 'Cartago'),
(729, 188, 'Guanacaste'),
(730, 188, 'Heredia'),
(731, 188, 'Limón'),
(732, 188, 'Puntarenas'),
(733, 188, 'San José'),
(734, 191, 'Bjelovarsko-Bilogorska'),
(735, 191, 'Brodsko-Posavska'),
(736, 191, 'Dubrovačko-Neretvanska'),
(737, 191, 'Istarska'),
(738, 191, 'Karlovačka'),
(739, 191, 'Koprivničko-Križevačka'),
(740, 191, 'Krapinsko-Zagorska'),
(741, 191, 'Ličko-Senjska'),
(742, 191, 'Međimurska'),
(743, 191, 'Osječko-Baranjska'),
(744, 191, 'Požeško-Slavonska'),
(745, 191, 'Primorsko-Goranska'),
(746, 191, 'Šibensko-Kniniska'),
(747, 191, 'Sisačko-Moslavačka'),
(748, 191, 'Splitsko-Dalmatinska'),
(749, 191, 'Varaždinska'),
(750, 191, 'Virovitičk-Podravska'),
(751, 191, 'Vukovarsko-Srijemska'),
(752, 191, 'Zadarska'),
(753, 191, 'Zagrebačka'),
(754, 191, 'Grad Zagreb'),
(755, 192, 'Pinar del Río'),
(756, 192, 'Ciudad de La Habana'),
(757, 192, 'Matanzas'),
(758, 192, 'Isla de la Juventud'),
(759, 192, 'Camagüey'),
(760, 192, 'Ciego de Ávila'),
(761, 192, 'Cienfuegos'),
(762, 192, 'Granma'),
(763, 192, 'Guantánamo'),
(764, 192, 'La Habana'),
(765, 192, 'Holguín'),
(766, 192, 'Las Tunas'),
(767, 192, 'Sancti Spíritus'),
(768, 192, 'Santiago de Cuba'),
(769, 192, 'Villa Clara'),
(770, 196, 'Famagusta'),
(771, 196, 'Kyrenia'),
(772, 196, 'Larnaca'),
(773, 196, 'Nicosia'),
(774, 196, 'Limassol'),
(775, 196, 'Paphos'),
(776, 203, 'Hradec Kralove'),
(777, 203, 'Jablonec nad Nisou'),
(778, 203, 'Jiein'),
(779, 203, 'Jihlava'),
(780, 203, 'Kolin'),
(781, 203, 'Liberec'),
(782, 203, 'Melnik'),
(783, 203, 'Mlada Boleslav'),
(784, 203, 'Nachod'),
(785, 203, 'Nymburk'),
(786, 203, 'Pardubice'),
(787, 203, 'Hlavní Mesto Praha'),
(788, 203, 'Semily'),
(789, 203, 'Trutnov'),
(790, 203, 'South Moravian Region'),
(791, 203, 'Jihočeský Kraj'),
(792, 203, 'Vysočina'),
(793, 203, 'Karlovarský Kraj'),
(794, 203, 'Královéhradecký Kraj'),
(795, 203, 'Liberecký Kraj'),
(796, 203, 'Olomoucký Kraj'),
(797, 203, 'Moravskoslezský Kraj'),
(798, 203, 'Pardubický Kraj'),
(799, 203, 'Plzeňský Kraj'),
(800, 203, 'Středočeský Kraj'),
(801, 203, 'Ústecký Kraj'),
(802, 203, 'Zlínský Kraj'),
(803, 204, 'Atakora'),
(804, 204, 'Atlantique'),
(805, 204, 'Alibori'),
(806, 204, 'Borgou'),
(807, 204, 'Collines'),
(808, 204, 'Kouffo'),
(809, 204, 'Donga'),
(811, 204, 'Mono'),
(812, 204, 'Ouémé'),
(813, 204, 'Plateau'),
(814, 204, 'Zou'),
(815, 208, 'Århus'),
(816, 208, 'Bornholm'),
(817, 208, 'Frederiksborg'),
(818, 208, 'Fyn'),
(819, 208, 'Copenhagen city'),
(820, 208, 'København'),
(821, 208, 'Nordjylland'),
(822, 208, 'Ribe'),
(823, 208, 'Ringkøbing'),
(824, 208, 'Roskilde'),
(825, 208, 'Sønderjylland'),
(826, 208, 'Storstrøm'),
(827, 208, 'Vejle'),
(828, 208, 'Vestsjælland'),
(829, 208, 'Viborg'),
(830, 208, 'Fredriksberg'),
(831, 208, 'Capital Region'),
(832, 208, 'Central Jutland'),
(833, 208, 'North Jutland'),
(834, 208, 'Region Zealand'),
(835, 208, 'Region South Denmark'),
(837, 212, 'Saint David'),
(841, 212, 'Saint Luke'),
(842, 212, 'Saint Mark'),
(843, 212, 'Saint Patrick'),
(846, 214, 'Azua'),
(847, 214, 'Baoruco'),
(848, 214, 'Barahona'),
(849, 214, 'Dajabón'),
(850, 214, 'Duarte'),
(851, 214, 'Espaillat'),
(852, 214, 'Independencia'),
(853, 214, 'La Altagracia'),
(854, 214, 'Elías Piña'),
(855, 214, 'La Romana'),
(856, 214, 'María Trinidad Sánchez'),
(857, 214, 'Monte Cristi'),
(858, 214, 'Pedernales'),
(859, 214, 'Puerto Plata'),
(860, 214, 'Salcedo'),
(861, 214, 'Samaná'),
(862, 214, 'Sánchez Ramírez'),
(864, 214, 'San Pedro de Macorís'),
(865, 214, 'Santiago'),
(866, 214, 'Santiago Rodríguez'),
(867, 214, 'Valverde'),
(868, 214, 'El Seíbo'),
(869, 214, 'Hato Mayor'),
(870, 214, 'La Vega'),
(871, 214, 'Monseñor Nouel'),
(872, 214, 'Monte Plata'),
(873, 214, 'San Cristóbal'),
(874, 214, 'Distrito Nacional'),
(875, 214, 'Peravia'),
(876, 214, 'San José de Ocoa'),
(877, 214, 'Santo Domingo'),
(878, 218, 'Galápagos'),
(879, 218, 'Azuay'),
(881, 218, 'Cañar'),
(882, 218, 'Carchi'),
(883, 218, 'Chimborazo'),
(884, 218, 'Cotopaxi'),
(885, 218, 'El Oro'),
(886, 218, 'Esmeraldas'),
(887, 218, 'Guayas'),
(888, 218, 'Imbabura'),
(889, 218, 'Loja'),
(890, 218, 'Los Ríos'),
(891, 218, 'Manabí'),
(892, 218, 'Morona-Santiago'),
(893, 218, 'Napo'),
(894, 218, 'Pastaza'),
(895, 218, 'Pichincha'),
(896, 218, 'Tungurahua'),
(897, 218, 'Zamora-Chinchipe'),
(898, 218, 'Sucumbios'),
(900, 218, 'Orellana'),
(901, 218, 'Provincia de Santa Elena'),
(902, 218, 'Provincia de Santo Domingo de los Tsáchilas'),
(903, 222, 'Ahuachapán'),
(904, 222, 'Cabañas'),
(905, 222, 'Chalatenango'),
(906, 222, 'Cuscatlán'),
(907, 222, 'La Libertad'),
(909, 222, 'La Unión'),
(910, 222, 'Morazán'),
(911, 222, 'San Miguel'),
(913, 222, 'Santa Ana'),
(914, 222, 'San Vicente'),
(915, 222, 'Sonsonate'),
(916, 222, 'Usulután'),
(917, 226, 'Annobón'),
(918, 226, 'Bioko Norte'),
(919, 226, 'Bioko Sur'),
(920, 226, 'Centro Sur'),
(921, 226, 'Kié-Ntem'),
(922, 226, 'Litoral'),
(923, 226, 'Wele-Nzas'),
(924, 231, 'Arsi'),
(925, 231, 'Gonder'),
(926, 231, 'Bale'),
(927, 231, 'Eritrea'),
(928, 231, 'Gamo Gofa'),
(929, 231, 'Gojam'),
(930, 231, 'Harerge'),
(931, 231, 'Ilubabor'),
(932, 231, 'Kefa'),
(933, 231, 'Addis Abeba'),
(934, 231, 'Sidamo'),
(935, 231, 'Tigray'),
(936, 231, 'Welega Kifle Hager'),
(937, 231, 'Welo'),
(938, 231, 'Adis Abeba'),
(939, 231, 'Asosa'),
(940, 231, 'Borena '),
(941, 231, 'Debub Gonder'),
(942, 231, 'Debub Shewa'),
(943, 231, 'Debub Welo'),
(944, 231, 'Dire Dawa'),
(945, 231, 'Gambela'),
(946, 231, 'Metekel'),
(947, 231, 'Mirab Gojam'),
(948, 231, 'Mirab Harerge'),
(949, 231, 'Mirab Shewa'),
(950, 231, 'Misrak Gojam'),
(951, 231, 'Misrak Harerge'),
(952, 231, 'Nazret'),
(953, 231, 'Ogaden'),
(954, 231, 'Omo'),
(955, 231, 'Semen Gonder'),
(956, 231, 'Semen Shewa'),
(957, 231, 'Semen Welo'),
(964, 231, 'Welega'),
(966, 231, 'Āfar'),
(967, 231, 'Āmara'),
(968, 231, 'Bīnshangul Gumuz'),
(970, 231, 'Gambēla Hizboch'),
(971, 231, 'Hārerī Hizb'),
(972, 231, 'Oromīya'),
(973, 231, 'Sumalē'),
(975, 231, 'YeDebub Bihēroch Bihēreseboch na Hizboch'),
(976, 232, 'Ānseba'),
(977, 232, 'Debub'),
(978, 232, 'Debubawī Kʼeyih Bahrī'),
(979, 232, 'Gash Barka'),
(980, 232, 'Maʼākel'),
(981, 232, 'Semēnawī Kʼeyih Bahrī'),
(982, 233, 'Harjumaa'),
(983, 233, 'Hiiumaa'),
(984, 233, 'Ida-Virumaa'),
(985, 233, 'Järvamaa'),
(986, 233, 'Jõgevamaa'),
(987, 233, 'Läänemaa'),
(988, 233, 'Lääne-Virumaa'),
(989, 233, 'Pärnumaa'),
(990, 233, 'Põlvamaa'),
(991, 233, 'Raplamaa'),
(992, 233, 'Saaremaa'),
(993, 233, 'Tartumaa'),
(994, 233, 'Valgamaa'),
(995, 233, 'Viljandimaa'),
(996, 233, 'Võrumaa'),
(997, 234, 'Norðoyar region'),
(998, 234, 'Eysturoy region'),
(999, 234, 'Sandoy region'),
(1000, 234, 'Streymoy region'),
(1001, 234, 'Suðuroy region'),
(1002, 234, 'Vágar region'),
(1003, 238, 'Falkland Islands (Islas Malvinas)'),
(1004, 239, 'South Georgia and The South Sandwich Islands '),
(1007, 242, 'Northern'),
(1008, 242, 'Rotuma'),
(1010, 246, 'Åland'),
(1011, 246, 'Hame'),
(1012, 246, 'Keski-Suomi'),
(1013, 246, 'Kuopio'),
(1014, 246, 'Kymi'),
(1015, 246, 'Lapponia'),
(1016, 246, 'Mikkeli'),
(1017, 246, 'Oulu'),
(1018, 246, 'Pohjois-Karjala'),
(1019, 246, 'Turku ja Pori'),
(1020, 246, 'Uusimaa'),
(1021, 246, 'Vaasa'),
(1022, 246, 'Southern Finland'),
(1023, 246, 'Eastern Finland'),
(1024, 246, 'Western Finland'),
(1025, 250, 'Aquitaine'),
(1026, 250, 'Auvergne'),
(1027, 250, 'Basse-Normandie'),
(1028, 250, 'Bourgogne'),
(1029, 250, 'Brittany'),
(1031, 250, 'Champagne-Ardenne'),
(1032, 250, 'Corsica'),
(1033, 250, 'Franche-Comté'),
(1034, 250, 'Haute-Normandie'),
(1035, 250, 'Île-de-France'),
(1036, 250, 'Languedoc-Roussillon'),
(1037, 250, 'Limousin'),
(1038, 250, 'Lorraine'),
(1039, 250, 'Midi-Pyrénées'),
(1040, 250, 'Nord-Pas-de-Calais'),
(1041, 250, 'Pays de la Loire'),
(1042, 250, 'Picardie'),
(1043, 250, 'Poitou-Charentes'),
(1044, 250, 'Provence-Alpes-Côte dʼAzur'),
(1045, 250, 'Rhône-Alpes'),
(1046, 250, 'Alsace'),
(1047, 254, 'Guyane'),
(1048, 260, 'Saint-Paul-et-Amsterdam'),
(1049, 260, 'Crozet'),
(1050, 260, 'Kerguelen'),
(1051, 260, 'Terre Adélie'),
(1052, 260, 'Îles Éparses'),
(1053, 262, 'Ali Sabieh'),
(1054, 262, 'Dikhil   '),
(1055, 262, 'Djibouti  '),
(1056, 262, 'Obock'),
(1057, 262, 'Tadjourah'),
(1060, 262, 'Arta'),
(1061, 266, 'Estuaire'),
(1062, 266, 'Haut-Ogooué'),
(1063, 266, 'Moyen-Ogooué'),
(1064, 266, 'Ngounié'),
(1065, 266, 'Nyanga'),
(1066, 266, 'Ogooué-Ivindo'),
(1067, 266, 'Ogooué-Lolo'),
(1068, 266, 'Ogooué-Maritime'),
(1069, 266, 'Woleu-Ntem'),
(1070, 268, 'Ajaria'),
(1071, 268, 'Tʼbilisi'),
(1072, 268, 'Abkhazia'),
(1073, 268, 'Kvemo Kartli'),
(1074, 268, 'Kakheti'),
(1075, 268, 'Guria'),
(1076, 268, 'Imereti'),
(1077, 268, 'Shida Kartli'),
(1078, 268, 'Mtskheta-Mtianeti'),
(1079, 268, 'Racha-Lechkhumi and Kvemo Svaneti'),
(1080, 268, 'Samegrelo and Zemo Svaneti'),
(1081, 268, 'Samtskhe-Javakheti'),
(1082, 270, 'Banjul'),
(1083, 270, 'Lower River'),
(1084, 270, 'Central River'),
(1085, 270, 'Upper River'),
(1087, 270, 'North Bank'),
(1088, 275, 'Gaza Strip'),
(1089, 275, 'West Bank'),
(1090, 276, 'Baden-Württemberg'),
(1091, 276, 'Bavaria'),
(1092, 276, 'Bremen'),
(1093, 276, 'Hamburg'),
(1094, 276, 'Hesse'),
(1095, 276, 'Lower Saxony'),
(1096, 276, 'North Rhine-Westphalia'),
(1097, 276, 'Rhineland-Palatinate'),
(1098, 276, 'Saarland'),
(1099, 276, 'Schleswig-Holstein'),
(1100, 276, 'Brandenburg'),
(1101, 276, 'Mecklenburg-Vorpommern'),
(1102, 276, 'Saxony'),
(1103, 276, 'Saxony-Anhalt'),
(1104, 276, 'Thuringia'),
(1105, 276, 'Berlin'),
(1106, 288, 'Greater Accra'),
(1107, 288, 'Ashanti'),
(1108, 288, 'Brong-Ahafo Region'),
(1112, 288, 'Volta'),
(1114, 288, 'Upper East'),
(1115, 288, 'Upper West'),
(1116, 292, 'Gibraltar'),
(1117, 296, 'Line Islands'),
(1118, 296, 'Gilbert Islands'),
(1119, 296, 'Phoenix Islands'),
(1120, 300, 'Mount Athos'),
(1121, 300, 'East Macedonia and Thrace'),
(1122, 300, 'Central Macedonia'),
(1123, 300, 'West Macedonia'),
(1124, 300, 'Thessaly'),
(1125, 300, 'Epirus'),
(1126, 300, 'Ionian Islands'),
(1127, 300, 'West Greece'),
(1128, 300, 'Central Greece'),
(1129, 300, 'Peloponnese'),
(1130, 300, 'Attica'),
(1131, 300, 'North Aegean'),
(1132, 300, 'South Aegean'),
(1133, 300, 'Crete'),
(1134, 304, 'Nordgrønland'),
(1135, 304, 'Østgrønland'),
(1136, 304, 'Vestgrønland'),
(1143, 312, 'Guadeloupe'),
(1144, 316, 'Guam'),
(1145, 320, 'Alta Verapaz'),
(1146, 320, 'Baja Verapaz'),
(1147, 320, 'Chimaltenango'),
(1148, 320, 'Chiquimula'),
(1149, 320, 'El Progreso'),
(1150, 320, 'Escuintla'),
(1151, 320, 'Guatemala'),
(1152, 320, 'Huehuetenango'),
(1153, 320, 'Izabal'),
(1154, 320, 'Jalapa'),
(1155, 320, 'Jutiapa'),
(1156, 320, 'Petén'),
(1157, 320, 'Quetzaltenango'),
(1158, 320, 'Quiché'),
(1159, 320, 'Retalhuleu'),
(1160, 320, 'Sacatepéquez'),
(1161, 320, 'San Marcos'),
(1162, 320, 'Santa Rosa'),
(1163, 320, 'Sololá'),
(1164, 320, 'Suchitepéquez'),
(1165, 320, 'Totonicapán'),
(1166, 320, 'Zacapa'),
(1167, 324, 'Beyla'),
(1168, 324, 'Boffa'),
(1169, 324, 'Boké'),
(1170, 324, 'Conakry'),
(1171, 324, 'Dabola'),
(1172, 324, 'Dalaba'),
(1173, 324, 'Dinguiraye'),
(1174, 324, 'Faranah'),
(1175, 324, 'Forécariah'),
(1176, 324, 'Fria'),
(1177, 324, 'Gaoual'),
(1178, 324, 'Guéckédou'),
(1179, 324, 'Kankan'),
(1180, 324, 'Kérouané'),
(1181, 324, 'Kindia'),
(1182, 324, 'Kissidougou'),
(1183, 324, 'Koundara'),
(1184, 324, 'Kouroussa'),
(1185, 324, 'Macenta'),
(1186, 324, 'Mali'),
(1187, 324, 'Mamou'),
(1188, 324, 'Pita'),
(1189, 324, 'Siguiri'),
(1190, 324, 'Télimélé'),
(1191, 324, 'Tougué'),
(1192, 324, 'Yomou'),
(1193, 324, 'Coyah'),
(1194, 324, 'Dubréka'),
(1196, 324, 'Koubia'),
(1197, 324, 'Labé'),
(1198, 324, 'Lélouma'),
(1199, 324, 'Lola'),
(1200, 324, 'Mandiana'),
(1201, 324, 'Nzérékoré'),
(1203, 328, 'Barima-Waini'),
(1204, 328, 'Cuyuni-Mazaruni'),
(1205, 328, 'Demerara-Mahaica'),
(1206, 328, 'East Berbice-Corentyne'),
(1207, 328, 'Essequibo Islands-West Demerara'),
(1208, 328, 'Mahaica-Berbice'),
(1209, 328, 'Pomeroon-Supenaam'),
(1210, 328, 'Potaro-Siparuni'),
(1211, 328, 'Upper Demerara-Berbice'),
(1212, 328, 'Upper Takutu-Upper Essequibo'),
(1213, 332, 'Nord-Ouest'),
(1214, 332, 'Artibonite'),
(1216, 332, 'Nord'),
(1217, 332, 'Nord-Est'),
(1219, 332, 'Sud'),
(1220, 332, 'Sud-Est'),
(1221, 332, 'GrandʼAnse'),
(1222, 332, 'Nippes'),
(1223, 336, 'Vatican City'),
(1224, 340, 'Atlántida'),
(1225, 340, 'Choluteca'),
(1226, 340, 'Colón'),
(1227, 340, 'Comayagua'),
(1228, 340, 'Copán'),
(1229, 340, 'Cortés'),
(1230, 340, 'El Paraíso'),
(1231, 340, 'Francisco Morazán'),
(1232, 340, 'Gracias a Dios'),
(1233, 340, 'Intibucá'),
(1234, 340, 'Islas de la Bahía'),
(1236, 340, 'Lempira'),
(1237, 340, 'Ocotepeque'),
(1238, 340, 'Olancho'),
(1239, 340, 'Santa Bárbara'),
(1240, 340, 'Valle'),
(1241, 340, 'Yoro'),
(1242, 344, 'Hong Kong'),
(1243, 348, 'Bács-Kiskun'),
(1244, 348, 'Baranya'),
(1245, 348, 'Békés'),
(1246, 348, 'Borsod-Abaúj-Zemplén'),
(1247, 348, 'Budapest'),
(1248, 348, 'Csongrád'),
(1249, 348, 'Fejér'),
(1250, 348, 'Győr-Moson-Sopron'),
(1251, 348, 'Hajdú-Bihar'),
(1252, 348, 'Heves'),
(1253, 348, 'Komárom-Esztergom'),
(1254, 348, 'Nógrád'),
(1255, 348, 'Pest'),
(1256, 348, 'Somogy'),
(1257, 348, 'Szabolcs-Szatmár-Bereg'),
(1258, 348, 'Jász-Nagykun-Szolnok'),
(1259, 348, 'Tolna'),
(1260, 348, 'Vas'),
(1261, 348, 'Veszprém'),
(1262, 348, 'Zala'),
(1263, 352, 'Borgarfjardarsysla'),
(1264, 352, 'Dalasysla'),
(1265, 352, 'Eyjafjardarsysla'),
(1266, 352, 'Gullbringusysla'),
(1267, 352, 'Hafnarfjördur'),
(1268, 352, 'Husavik'),
(1269, 352, 'Isafjördur'),
(1270, 352, 'Keflavik'),
(1271, 352, 'Kjosarsysla'),
(1272, 352, 'Kopavogur'),
(1273, 352, 'Myrasysla'),
(1274, 352, 'Neskaupstadur'),
(1275, 352, 'Nordur-Isafjardarsysla'),
(1276, 352, 'Nordur-Mulasysla'),
(1277, 352, 'Nordur-Tingeyjarsysla'),
(1278, 352, 'Olafsfjördur'),
(1279, 352, 'Rangarvallasysla'),
(1280, 352, 'Reykjavík'),
(1281, 352, 'Saudarkrokur'),
(1282, 352, 'Seydisfjordur'),
(1283, 352, 'Siglufjordur'),
(1284, 352, 'Skagafjardarsysla'),
(1285, 352, 'Snafellsnes- og Hnappadalssysla'),
(1286, 352, 'Strandasysla'),
(1287, 352, 'Sudur-Mulasysla'),
(1288, 352, 'Sudur-Tingeyjarsysla'),
(1289, 352, 'Vestmannaeyjar'),
(1290, 352, 'Vestur-Bardastrandarsysla'),
(1291, 352, 'Vestur-Hunavatnssysla'),
(1292, 352, 'Vestur-Isafjardarsysla'),
(1293, 352, 'Vestur-Skaftafellssysla'),
(1294, 352, 'East'),
(1296, 352, 'Northeast'),
(1297, 352, 'Northwest'),
(1298, 352, 'South'),
(1299, 352, 'Southern Peninsula'),
(1300, 352, 'Westfjords'),
(1301, 352, 'West'),
(1302, 356, 'Andaman and Nicobar Islands'),
(1303, 356, 'Andhra Pradesh'),
(1304, 356, 'Assam'),
(1305, 356, 'Bihar'),
(1306, 356, 'Chandīgarh'),
(1307, 356, 'Dādra and Nagar Haveli'),
(1308, 356, 'NCT'),
(1309, 356, 'Gujarāt'),
(1310, 356, 'Haryana'),
(1311, 356, 'Himāchal Pradesh'),
(1312, 356, 'Kashmir'),
(1313, 356, 'Kerala'),
(1314, 356, 'Laccadives'),
(1315, 356, 'Madhya Pradesh '),
(1316, 356, 'Mahārāshtra'),
(1317, 356, 'Manipur'),
(1318, 356, 'Meghālaya'),
(1319, 356, 'Karnātaka'),
(1320, 356, 'Nāgāland'),
(1321, 356, 'Orissa'),
(1322, 356, 'Pondicherry'),
(1323, 356, 'Punjab'),
(1324, 356, 'State of Rājasthān'),
(1325, 356, 'Tamil Nādu'),
(1326, 356, 'Tripura'),
(1327, 356, 'Uttar Pradesh'),
(1328, 356, 'Bengal'),
(1329, 356, 'Sikkim'),
(1330, 356, 'Arunāchal Pradesh'),
(1331, 356, 'Mizoram'),
(1332, 356, 'Daman and Diu'),
(1333, 356, 'Goa'),
(1337, 356, 'Chhattisgarh'),
(1338, 356, 'Jharkhand'),
(1339, 356, 'Uttarakhand'),
(1340, 360, 'Aceh'),
(1341, 360, 'Bali'),
(1342, 360, 'Bengkulu'),
(1343, 360, 'Jakarta Raya'),
(1344, 360, 'Jambi'),
(1345, 360, 'Jawa Barat'),
(1346, 360, 'Central Java'),
(1347, 360, 'East Java'),
(1348, 360, 'Yogyakarta '),
(1349, 360, 'West Kalimantan'),
(1350, 360, 'South Kalimantan'),
(1351, 360, 'Kalimantan Tengah'),
(1352, 360, 'East Kalimantan'),
(1353, 360, 'Lampung'),
(1354, 360, 'Nusa Tenggara Barat'),
(1355, 360, 'East Nusa Tenggara'),
(1356, 360, 'Central Sulawesi'),
(1357, 360, 'Sulawesi Tenggara'),
(1358, 360, 'Sulawesi Utara'),
(1359, 360, 'West Sumatra'),
(1360, 360, 'Sumatera Selatan'),
(1361, 360, 'North Sumatra'),
(1362, 360, 'Timor Timur'),
(1363, 360, 'Maluku '),
(1364, 360, 'Maluku Utara'),
(1365, 360, 'West Java'),
(1366, 360, 'North Sulawesi'),
(1367, 360, 'South Sumatra'),
(1368, 360, 'Banten'),
(1369, 360, 'Gorontalo'),
(1370, 360, 'Bangka-Belitung'),
(1371, 360, 'Papua'),
(1372, 360, 'Riau'),
(1373, 360, 'South Sulawesi'),
(1374, 360, 'Irian Jaya Barat'),
(1375, 360, 'Riau Islands'),
(1376, 360, 'Sulawesi Barat'),
(1377, 364, 'Āz̄ārbāyjān-e Gharbī'),
(1378, 364, 'Chahār Maḩāll va Bakhtīārī'),
(1379, 364, 'Sīstān va Balūchestān'),
(1380, 364, 'Kohgīlūyeh va Būyer Aḩmad'),
(1381, 364, 'Fārs Province'),
(1382, 364, 'Gīlān'),
(1383, 364, 'Hamadān'),
(1384, 364, 'Īlām'),
(1385, 364, 'Hormozgān Province'),
(1386, 364, 'Kerman'),
(1387, 364, 'Kermānshāh'),
(1388, 364, 'Khūzestān'),
(1389, 364, 'Kordestān'),
(1390, 364, 'Mazandaran'),
(1391, 364, 'Markazi'),
(1392, 364, 'Zanjan'),
(1393, 364, 'Bushehr Province'),
(1394, 364, 'Lorestān'),
(1396, 364, 'Semnān Province'),
(1397, 364, 'Tehrān'),
(1399, 364, 'Eşfahān'),
(1401, 364, 'Ostan-e Khorasan-e Razavi'),
(1402, 364, 'Yazd'),
(1403, 364, 'Ardabīl'),
(1404, 364, 'Āz̄ārbāyjān-e Sharqī'),
(1405, 364, 'Markazi Province'),
(1406, 364, 'Māzandarān Province'),
(1407, 364, 'Zanjan Province'),
(1408, 364, 'Golestān'),
(1409, 364, 'Qazvīn'),
(1410, 364, 'Qom'),
(1412, 364, 'Khorāsān-e Jonūbī'),
(1413, 364, 'Razavi Khorasan Province'),
(1414, 364, 'Khorāsān-e Shomālī'),
(1415, 368, 'Anbar'),
(1416, 368, 'Al Başrah'),
(1417, 368, 'Al Muthanná'),
(1418, 368, 'Al Qādisīyah'),
(1419, 368, 'As Sulaymānīyah'),
(1420, 368, 'Bābil'),
(1421, 368, 'Baghdād'),
(1422, 368, 'Dahūk'),
(1423, 368, 'Dhi Qar'),
(1424, 368, 'Diyala'),
(1425, 368, 'Arbīl'),
(1426, 368, 'Karbalāʼ'),
(1427, 368, 'At Taʼmīm'),
(1428, 368, 'Maysan'),
(1429, 368, 'Nīnawá'),
(1430, 368, 'Wāsiţ'),
(1431, 368, 'An Najaf'),
(1432, 368, 'Şalāḩ ad Dīn'),
(1433, 372, 'Carlow'),
(1434, 372, 'Cavan'),
(1435, 372, 'Clare'),
(1436, 372, 'Cork'),
(1437, 372, 'Donegal'),
(1438, 372, 'Galway'),
(1439, 372, 'Kerry'),
(1440, 372, 'Kildare'),
(1441, 372, 'Kilkenny'),
(1442, 372, 'Leitrim'),
(1443, 372, 'Laois'),
(1444, 372, 'Limerick'),
(1445, 372, 'Longford'),
(1446, 372, 'Louth'),
(1447, 372, 'Mayo'),
(1448, 372, 'Meath'),
(1449, 372, 'Monaghan'),
(1450, 372, 'Offaly'),
(1451, 372, 'Roscommon'),
(1452, 372, 'Sligo'),
(1453, 372, 'Waterford'),
(1454, 372, 'Westmeath'),
(1455, 372, 'Wexford'),
(1456, 372, 'Wicklow'),
(1457, 372, 'Dublin'),
(1458, 372, 'Antrim'),
(1459, 372, 'Tipperary'),
(1460, 372, 'Armagh'),
(1461, 372, 'Derry'),
(1462, 376, 'HaDarom'),
(1463, 376, 'HaMerkaz'),
(1464, 376, 'Northern District'),
(1465, 376, 'H̱efa'),
(1466, 376, 'Tel Aviv'),
(1467, 376, 'Yerushalayim'),
(1468, 380, 'Abruzzo'),
(1469, 380, 'Basilicate'),
(1470, 380, 'Calabria'),
(1471, 380, 'Campania'),
(1472, 380, 'Emilia-Romagna'),
(1473, 380, 'Friuli'),
(1474, 380, 'Lazio'),
(1475, 380, 'Liguria'),
(1476, 380, 'Lombardy'),
(1477, 380, 'The Marches'),
(1478, 380, 'Molise'),
(1479, 380, 'Piedmont'),
(1480, 380, 'Apulia'),
(1481, 380, 'Sardinia'),
(1482, 380, 'Sicily'),
(1483, 380, 'Tuscany'),
(1484, 380, 'Trentino-Alto Adige'),
(1485, 380, 'Umbria'),
(1486, 380, 'Aosta Valley'),
(1487, 380, 'Veneto'),
(1488, 384, 'Valparaíso Region'),
(1489, 384, 'Antofagasta Region'),
(1490, 384, 'Araucanía Region'),
(1491, 384, 'Atacama Region'),
(1492, 384, 'Biobío Region'),
(1493, 384, 'Coquimbo Region'),
(1494, 384, 'Maule Region'),
(1495, 384, 'Santiago Metropolitan Region'),
(1496, 384, 'Danane'),
(1497, 384, 'Divo'),
(1498, 384, 'Ferkessedougou'),
(1499, 384, 'Gagnoa'),
(1500, 384, 'Katiola'),
(1501, 384, 'Korhogo'),
(1502, 384, 'Odienne'),
(1503, 384, 'Seguela'),
(1504, 384, 'Touba'),
(1505, 384, 'Bongouanou'),
(1506, 384, 'Issia'),
(1507, 384, 'Lakota'),
(1508, 384, 'Mankono'),
(1509, 384, 'Oume'),
(1510, 384, 'Soubre'),
(1511, 384, 'Tingrela'),
(1512, 384, 'Zuenoula'),
(1513, 384, 'Bangolo'),
(1514, 384, 'Beoumi'),
(1515, 384, 'Bondoukou'),
(1516, 384, 'Bouafle'),
(1517, 384, 'Bouake'),
(1518, 384, 'Daloa'),
(1519, 384, 'Daoukro'),
(1520, 384, 'Duekoue'),
(1521, 384, 'Grand-Lahou'),
(1522, 384, 'Man'),
(1523, 384, 'Mbahiakro'),
(1524, 384, 'Sakassou'),
(1525, 384, 'San Pedro'),
(1526, 384, 'Sassandra'),
(1527, 384, 'Sinfra'),
(1528, 384, 'Tabou'),
(1529, 384, 'Tanda'),
(1530, 384, 'Tiassale'),
(1531, 384, 'Toumodi'),
(1532, 384, 'Vavoua'),
(1533, 384, 'Abidjan'),
(1534, 384, 'Aboisso'),
(1535, 384, 'Adiake'),
(1536, 384, 'Alepe'),
(1537, 384, 'Bocanda'),
(1538, 384, 'Dabou'),
(1539, 384, 'Dimbokro'),
(1540, 384, 'Grand-Bassam'),
(1541, 384, 'Guiglo'),
(1542, 384, 'Jacqueville'),
(1543, 384, 'Tiebissou'),
(1544, 384, 'Toulepleu'),
(1545, 384, 'Yamoussoukro'),
(1546, 384, 'Agnéby'),
(1547, 384, 'Bafing'),
(1548, 384, 'Bas-Sassandra'),
(1549, 384, 'Denguélé'),
(1550, 384, 'Dix-Huit Montagnes'),
(1551, 384, 'Fromager'),
(1552, 384, 'Haut-Sassandra'),
(1553, 384, 'Lacs'),
(1554, 384, 'Lagunes'),
(1555, 384, 'Marahoué'),
(1556, 384, 'Moyen-Cavally'),
(1557, 384, 'Moyen-Comoé'),
(1558, 384, 'Nʼzi-Comoé'),
(1559, 384, 'Savanes'),
(1560, 384, 'Sud-Bandama'),
(1561, 384, 'Sud-Comoé'),
(1562, 384, 'Vallée du Bandama'),
(1563, 384, 'Worodougou'),
(1564, 384, 'Zanzan'),
(1565, 388, 'Clarendon'),
(1566, 388, 'Hanover Parish'),
(1567, 388, 'Manchester'),
(1568, 388, 'Portland'),
(1570, 388, 'Saint Ann'),
(1571, 388, 'Saint Catherine'),
(1572, 388, 'St. Elizabeth'),
(1576, 388, 'Trelawny'),
(1577, 388, 'Westmoreland'),
(1578, 388, 'Kingston'),
(1579, 392, 'Aichi'),
(1580, 392, 'Akita'),
(1581, 392, 'Aomori'),
(1582, 392, 'Chiba'),
(1583, 392, 'Ehime'),
(1584, 392, 'Fukui'),
(1585, 392, 'Fukuoka'),
(1586, 392, 'Fukushima'),
(1587, 392, 'Gifu'),
(1588, 392, 'Gumma'),
(1589, 392, 'Hiroshima'),
(1590, 392, 'Hokkaidō'),
(1591, 392, 'Hyōgo'),
(1592, 392, 'Ibaraki'),
(1593, 392, 'Ishikawa'),
(1594, 392, 'Iwate'),
(1595, 392, 'Kagawa'),
(1596, 392, 'Kagoshima'),
(1597, 392, 'Kanagawa'),
(1598, 392, 'Kōchi'),
(1599, 392, 'Kumamoto'),
(1600, 392, 'Kyōto'),
(1601, 392, 'Mie'),
(1602, 392, 'Miyagi'),
(1603, 392, 'Miyazaki'),
(1604, 392, 'Nagano'),
(1605, 392, 'Nagasaki'),
(1606, 392, 'Nara'),
(1607, 392, 'Niigata'),
(1608, 392, 'Ōita'),
(1609, 392, 'Okayama'),
(1610, 392, 'Ōsaka'),
(1611, 392, 'Saga'),
(1612, 392, 'Saitama'),
(1613, 392, 'Shiga'),
(1614, 392, 'Shimane'),
(1615, 392, 'Shizuoka'),
(1616, 392, 'Tochigi'),
(1617, 392, 'Tokushima'),
(1618, 392, 'Tōkyō'),
(1619, 392, 'Tottori'),
(1620, 392, 'Toyama'),
(1621, 392, 'Wakayama'),
(1622, 392, 'Yamagata'),
(1623, 392, 'Yamaguchi'),
(1624, 392, 'Yamanashi'),
(1625, 392, 'Okinawa'),
(1626, 398, 'Almaty'),
(1627, 398, 'Almaty Qalasy'),
(1628, 398, 'Aqmola'),
(1629, 398, 'Aqtöbe'),
(1630, 398, 'Astana Qalasy'),
(1631, 398, 'Atyraū'),
(1632, 398, 'Batys Qazaqstan'),
(1633, 398, 'Bayqongyr Qalasy'),
(1634, 398, 'Mangghystaū'),
(1635, 398, 'Ongtüstik Qazaqstan'),
(1636, 398, 'Pavlodar'),
(1637, 398, 'Qaraghandy'),
(1638, 398, 'Qostanay'),
(1639, 398, 'Qyzylorda'),
(1640, 398, 'East Kazakhstan'),
(1641, 398, 'Soltüstik Qazaqstan'),
(1642, 398, 'Zhambyl'),
(1643, 400, 'Balqa'),
(1644, 400, 'Ma’an'),
(1645, 400, 'Karak'),
(1646, 400, 'Al Mafraq'),
(1647, 400, 'Tafielah'),
(1648, 400, 'Az Zarqa'),
(1649, 400, 'Irbid'),
(1650, 400, 'Mafraq'),
(1651, 400, 'Amman'),
(1652, 400, 'Zarqa'),
(1655, 400, 'Ajlun'),
(1656, 400, 'Aqaba'),
(1657, 400, 'Jerash'),
(1658, 400, 'Madaba'),
(1660, 404, 'Coast'),
(1662, 404, 'Nairobi Area'),
(1663, 404, 'North-Eastern'),
(1664, 404, 'Nyanza'),
(1665, 404, 'Rift Valley'),
(1667, 408, 'Chagang-do'),
(1668, 408, 'Hamgyŏng-namdo'),
(1669, 408, 'Hwanghae-namdo'),
(1670, 408, 'Hwanghae-bukto'),
(1671, 408, 'Kaesŏng-si'),
(1672, 408, 'Gangwon'),
(1673, 408, 'Pʼyŏngan-bukto'),
(1674, 408, 'Pʼyŏngyang-si'),
(1675, 408, 'Yanggang-do'),
(1676, 408, 'Nampʼo-si'),
(1677, 408, 'Pʼyŏngan-namdo'),
(1678, 408, 'Hamgyŏng-bukto'),
(1679, 408, 'Najin Sŏnbong-si'),
(1680, 410, 'Jeju'),
(1681, 410, 'North Jeolla'),
(1682, 410, 'North Chungcheong'),
(1684, 410, 'Busan'),
(1685, 410, 'Seoul'),
(1686, 410, 'Incheon'),
(1687, 410, 'Gyeonggi'),
(1688, 410, 'North Gyeongsang'),
(1689, 410, 'Daegu'),
(1690, 410, 'South Jeolla'),
(1691, 410, 'South Chungcheong'),
(1692, 410, 'Gwangju'),
(1693, 410, 'Daejeon'),
(1694, 410, 'South Gyeongsang'),
(1695, 410, 'Ulsan'),
(1696, 414, 'Muḩāfaz̧atalWafrah'),
(1697, 414, 'Al ‘Āşimah'),
(1698, 414, 'Al Aḩmadī'),
(1699, 414, 'Al Jahrāʼ'),
(1700, 414, 'Al Farwaniyah'),
(1701, 414, 'Ḩawallī'),
(1702, 417, 'Bishkek'),
(1703, 417, 'Chüy'),
(1704, 417, 'Jalal-Abad'),
(1705, 417, 'Naryn'),
(1706, 417, 'Talas'),
(1707, 417, 'Ysyk-Köl'),
(1708, 417, 'Osh'),
(1709, 417, 'Batken'),
(1710, 418, 'Attapu'),
(1711, 418, 'Champasak'),
(1712, 418, 'Houaphan'),
(1713, 418, 'Khammouan'),
(1714, 418, 'Louang Namtha'),
(1715, 418, 'Louangphrabang'),
(1716, 418, 'Oudômxai'),
(1717, 418, 'Phongsali'),
(1718, 418, 'Saravan'),
(1719, 418, 'Savannakhet'),
(1720, 418, 'Vientiane'),
(1721, 418, 'Xiagnabouli'),
(1722, 418, 'Xiangkhoang'),
(1724, 418, 'Loungnamtha'),
(1725, 418, 'Louangphabang'),
(1727, 418, 'Salavan'),
(1728, 418, 'Savannahkhét'),
(1729, 418, 'Bokèo'),
(1730, 418, 'Bolikhamxai'),
(1731, 418, 'Viangchan'),
(1732, 418, 'Xékong'),
(1734, 422, 'Béqaa'),
(1735, 422, 'Liban-Nord'),
(1736, 422, 'Beyrouth'),
(1737, 422, 'Mont-Liban'),
(1738, 422, 'Liban-Sud'),
(1739, 422, 'Nabatîyé'),
(1742, 422, 'Aakkâr'),
(1743, 422, 'Baalbek-Hermel'),
(1744, 426, 'Balzers Commune'),
(1745, 426, 'Eschen Commune'),
(1746, 426, 'Gamprin Commune'),
(1747, 426, 'Mauren Commune'),
(1748, 426, 'Planken Commune'),
(1749, 426, 'Ruggell Commune'),
(1750, 426, 'Berea District'),
(1751, 426, 'Butha-Buthe District'),
(1752, 426, 'Leribe District'),
(1753, 426, 'Mafeteng'),
(1754, 426, 'Maseru'),
(1755, 426, 'Mohaleʼs Hoek'),
(1756, 426, 'Mokhotlong'),
(1757, 426, 'Qachaʼs Nek'),
(1758, 426, 'Quthing District'),
(1759, 426, 'Thaba-Tseka District'),
(1760, 428, 'Dobeles Rajons'),
(1761, 428, 'Aizkraukles Rajons'),
(1762, 428, 'Alūksnes Rajons'),
(1763, 428, 'Balvu Rajons'),
(1764, 428, 'Bauskas Rajons'),
(1765, 428, 'Cēsu Rajons'),
(1766, 428, 'Daugavpils'),
(1767, 428, 'Daugavpils Rajons'),
(1769, 428, 'Gulbenes Rajons'),
(1770, 428, 'Jēkabpils Rajons'),
(1771, 428, 'Jelgava'),
(1772, 428, 'Jelgavas Rajons'),
(1773, 428, 'Jūrmala'),
(1774, 428, 'Krāslavas Rajons'),
(1775, 428, 'Kuldīgas Rajons'),
(1776, 428, 'Liepāja'),
(1777, 428, 'Liepājas Rajons'),
(1778, 428, 'Limbažu Rajons'),
(1779, 428, 'Ludzas Rajons'),
(1780, 428, 'Madonas Rajons'),
(1781, 428, 'Ogres Rajons'),
(1782, 428, 'Preiļu Rajons'),
(1783, 428, 'Rēzekne'),
(1784, 428, 'Rēzeknes Rajons'),
(1785, 428, 'Rīga'),
(1786, 428, 'Rīgas Rajons'),
(1787, 428, 'Saldus Rajons'),
(1788, 428, 'Talsu Rajons'),
(1789, 428, 'Tukuma Rajons'),
(1790, 428, 'Valkas Rajons'),
(1791, 428, 'Valmieras Rajons'),
(1792, 428, 'Ventspils'),
(1793, 428, 'Ventspils Rajons'),
(1794, 430, 'Bong'),
(1795, 430, 'Grand Jide'),
(1796, 430, 'Grand Cape Mount'),
(1797, 430, 'Lofa'),
(1798, 430, 'Nimba'),
(1799, 430, 'Sinoe'),
(1800, 430, 'Grand Bassa County'),
(1802, 430, 'Maryland'),
(1803, 430, 'Montserrado'),
(1804, 430, 'Bomi'),
(1805, 430, 'Grand Kru'),
(1806, 430, 'Margibi'),
(1807, 430, 'River Cess'),
(1808, 430, 'Grand Gedeh'),
(1810, 430, 'Gbarpolu'),
(1811, 430, 'River Gee'),
(1812, 434, 'Al Abyār'),
(1813, 434, 'Al ‘Azīzīyah'),
(1814, 434, 'Al Bayḑā’'),
(1815, 434, 'Al Jufrah'),
(1816, 434, 'Al Jumayl'),
(1817, 434, 'Al Kufrah'),
(1818, 434, 'Al Marj'),
(1819, 434, 'Al Qarābūll'),
(1820, 434, 'Al Qubbah'),
(1821, 434, 'Al Ajaylāt'),
(1822, 434, 'Ash Shāţiʼ'),
(1823, 434, 'Az Zahra’'),
(1824, 434, 'Banī Walīd'),
(1825, 434, 'Bin Jawwād'),
(1826, 434, 'Ghāt'),
(1827, 434, 'Jādū'),
(1828, 434, 'Jālū'),
(1829, 434, 'Janzūr'),
(1830, 434, 'Masallatah'),
(1831, 434, 'Mizdah'),
(1832, 434, 'Murzuq'),
(1833, 434, 'Nālūt'),
(1834, 434, 'Qamīnis'),
(1835, 434, 'Qaşr Bin Ghashīr'),
(1836, 434, 'Sabhā'),
(1837, 434, 'Şabrātah'),
(1838, 434, 'Shaḩḩāt'),
(1839, 434, 'Şurmān'),
(1840, 434, 'Tajura’ '),
(1841, 434, 'Tarhūnah'),
(1842, 434, 'Ţubruq'),
(1843, 434, 'Tūkrah'),
(1844, 434, 'Zlīţan'),
(1845, 434, 'Zuwārah'),
(1846, 434, 'Ajdābiyā'),
(1847, 434, 'Al Fātiḩ'),
(1848, 434, 'Al Jabal al Akhḑar'),
(1849, 434, 'Al Khums'),
(1850, 434, 'An Nuqāţ al Khams'),
(1851, 434, 'Awbārī'),
(1852, 434, 'Az Zāwiyah'),
(1853, 434, 'Banghāzī'),
(1854, 434, 'Darnah'),
(1855, 434, 'Ghadāmis'),
(1856, 434, 'Gharyān'),
(1857, 434, 'Mişrātah'),
(1858, 434, 'Sawfajjīn'),
(1859, 434, 'Surt'),
(1860, 434, 'Ţarābulus'),
(1861, 434, 'Yafran'),
(1862, 438, 'Balzers'),
(1863, 438, 'Eschen'),
(1864, 438, 'Gamprin'),
(1865, 438, 'Mauren'),
(1866, 438, 'Planken'),
(1867, 438, 'Ruggell'),
(1868, 438, 'Schaan'),
(1869, 438, 'Schellenberg'),
(1870, 438, 'Triesen'),
(1871, 438, 'Triesenberg'),
(1872, 438, 'Vaduz'),
(1873, 440, 'Alytaus Apskritis'),
(1874, 440, 'Kauno Apskritis'),
(1875, 440, 'Klaipėdos Apskritis'),
(1876, 440, 'Marijampolės Apskritis'),
(1877, 440, 'Panevėžio Apskritis'),
(1878, 440, 'Šiaulių Apskritis'),
(1879, 440, 'Tauragės Apskritis'),
(1880, 440, 'Telšių Apskritis'),
(1881, 440, 'Utenos Apskritis'),
(1882, 440, 'Vilniaus Apskritis'),
(1883, 442, 'Diekirch'),
(1884, 442, 'Grevenmacher'),
(1885, 442, 'Luxembourg'),
(1886, 446, 'Ilhas'),
(1887, 446, 'Macau'),
(1888, 450, 'Antsiranana'),
(1889, 450, 'Fianarantsoa'),
(1890, 450, 'Mahajanga'),
(1891, 450, 'Toamasina'),
(1892, 450, 'Antananarivo'),
(1893, 450, 'Toliara'),
(1894, 454, 'Chikwawa'),
(1895, 454, 'Chiradzulu'),
(1896, 454, 'Chitipa'),
(1897, 454, 'Thyolo'),
(1898, 454, 'Dedza'),
(1899, 454, 'Dowa'),
(1900, 454, 'Karonga'),
(1901, 454, 'Kasungu'),
(1902, 454, 'Lilongwe'),
(1903, 454, 'Mangochi'),
(1904, 454, 'Mchinji'),
(1905, 454, 'Mzimba'),
(1906, 454, 'Ntcheu'),
(1907, 454, 'Nkhata Bay'),
(1908, 454, 'Nkhotakota'),
(1909, 454, 'Nsanje'),
(1910, 454, 'Ntchisi'),
(1911, 454, 'Rumphi'),
(1912, 454, 'Salima'),
(1913, 454, 'Zomba'),
(1914, 454, 'Blantyre'),
(1915, 454, 'Mwanza'),
(1916, 454, 'Balaka'),
(1917, 454, 'Likoma'),
(1918, 454, 'Machinga'),
(1919, 454, 'Mulanje'),
(1920, 454, 'Phalombe'),
(1921, 458, 'Johor'),
(1922, 458, 'Kedah'),
(1923, 458, 'Kelantan'),
(1924, 458, 'Melaka'),
(1925, 458, 'Negeri Sembilan'),
(1926, 458, 'Pahang'),
(1927, 458, 'Perak'),
(1928, 458, 'Perlis'),
(1929, 458, 'Pulau Pinang'),
(1930, 458, 'Sarawak'),
(1931, 458, 'Selangor'),
(1932, 458, 'Terengganu'),
(1933, 458, 'Kuala Lumpur'),
(1934, 458, 'Federal Territory of Labuan'),
(1935, 458, 'Sabah'),
(1936, 458, 'Putrajaya'),
(1937, 462, 'Maale'),
(1938, 462, 'Seenu'),
(1939, 462, 'Alifu Atholhu'),
(1940, 462, 'Lhaviyani Atholhu'),
(1941, 462, 'Vaavu Atholhu'),
(1942, 462, 'Laamu'),
(1943, 462, 'Haa Alifu Atholhu'),
(1944, 462, 'Thaa Atholhu'),
(1945, 462, 'Meemu Atholhu'),
(1946, 462, 'Raa Atholhu'),
(1947, 462, 'Faafu Atholhu'),
(1948, 462, 'Dhaalu Atholhu'),
(1949, 462, 'Baa Atholhu'),
(1950, 462, 'Haa Dhaalu Atholhu'),
(1951, 462, 'Shaviyani Atholhu'),
(1952, 462, 'Noonu Atholhu'),
(1953, 462, 'Kaafu Atholhu'),
(1954, 462, 'Gaafu Alifu Atholhu'),
(1955, 462, 'Gaafu Dhaalu Atholhu'),
(1956, 462, 'Gnyaviyani Atoll'),
(1957, 462, 'Alifu'),
(1958, 462, 'Baa'),
(1959, 462, 'Dhaalu'),
(1960, 462, 'Faafu'),
(1961, 462, 'Gaafu Alifu'),
(1962, 462, 'Gaafu Dhaalu'),
(1963, 462, 'Haa Alifu'),
(1964, 462, 'Haa Dhaalu'),
(1965, 462, 'Kaafu'),
(1966, 462, 'Lhaviyani'),
(1968, 462, 'Meemu'),
(1969, 462, 'Gnaviyani'),
(1970, 462, 'Noonu'),
(1971, 462, 'Raa'),
(1972, 462, 'Shaviyani'),
(1973, 462, 'Thaa'),
(1974, 462, 'Vaavu'),
(1975, 466, 'Bamako'),
(1976, 466, 'Gao'),
(1977, 466, 'Kayes'),
(1978, 466, 'Mopti'),
(1979, 466, 'Ségou'),
(1980, 466, 'Sikasso'),
(1981, 466, 'Koulikoro'),
(1982, 466, 'Tombouctou'),
(1984, 466, 'Kidal'),
(1985, 470, 'Malta'),
(1986, 474, 'Martinique'),
(1987, 478, 'Nouakchott'),
(1988, 478, 'Hodh Ech Chargui'),
(1989, 478, 'Hodh El Gharbi'),
(1990, 478, 'Assaba'),
(1991, 478, 'Gorgol'),
(1992, 478, 'Brakna'),
(1993, 478, 'Trarza'),
(1995, 478, 'Dakhlet Nouadhibou'),
(1996, 478, 'Tagant'),
(1997, 478, 'Guidimaka'),
(1998, 478, 'Tiris Zemmour'),
(1999, 478, 'Inchiri'),
(2000, 480, 'Black River'),
(2001, 480, 'Flacq'),
(2002, 480, 'Grand Port'),
(2003, 480, 'Moka'),
(2004, 480, 'Pamplemousses'),
(2005, 480, 'Plaines Wilhems'),
(2006, 480, 'Port Louis'),
(2007, 480, 'Rivière du Rempart'),
(2008, 480, 'Savanne'),
(2009, 480, 'Agalega Islands'),
(2010, 480, 'Cargados Carajos'),
(2011, 480, 'Rodrigues'),
(2012, 484, 'Aguascalientes'),
(2013, 484, 'Baja California'),
(2014, 484, 'Baja California Sur'),
(2015, 484, 'Campeche'),
(2016, 484, 'Chiapas'),
(2017, 484, 'Chihuahua'),
(2018, 484, 'Coahuila'),
(2019, 484, 'Colima'),
(2020, 484, 'The Federal District'),
(2021, 484, 'Durango'),
(2022, 484, 'Guanajuato'),
(2023, 484, 'Guerrero'),
(2024, 484, 'Hidalgo'),
(2025, 484, 'Jalisco'),
(2026, 484, 'México'),
(2027, 484, 'Michoacán'),
(2028, 484, 'Morelos'),
(2029, 484, 'Nayarit'),
(2030, 484, 'Nuevo León'),
(2031, 484, 'Oaxaca'),
(2032, 484, 'Puebla'),
(2033, 484, 'Querétaro'),
(2034, 484, 'Quintana Roo'),
(2035, 484, 'San Luis Potosí'),
(2036, 484, 'Sinaloa'),
(2037, 484, 'Sonora'),
(2038, 484, 'Tabasco'),
(2039, 484, 'Tamaulipas'),
(2040, 484, 'Tlaxcala'),
(2041, 484, 'Veracruz-Llave'),
(2042, 484, 'Yucatán'),
(2043, 484, 'Zacatecas'),
(2044, 492, 'Monaco'),
(2045, 496, 'Arhangay'),
(2046, 496, 'Bayanhongor'),
(2047, 496, 'Bayan-Ölgiy'),
(2048, 496, 'East Aimak'),
(2049, 496, 'East Gobi Aymag'),
(2050, 496, 'Middle Govĭ'),
(2051, 496, 'Dzavhan'),
(2052, 496, 'Govĭ-Altay'),
(2053, 496, 'Hentiy'),
(2054, 496, 'Hovd'),
(2055, 496, 'Hövsgöl'),
(2056, 496, 'South Gobi Aimak'),
(2057, 496, 'South Hangay'),
(2058, 496, 'Selenge'),
(2059, 496, 'Sühbaatar'),
(2060, 496, 'Central Aimak'),
(2061, 496, 'Uvs'),
(2062, 496, 'Ulaanbaatar'),
(2063, 496, 'Bulgan'),
(2064, 496, 'Darhan Uul'),
(2065, 496, 'Govĭ-Sumber'),
(2066, 496, 'Orhon'),
(2067, 498, 'Ungheni Judetul'),
(2068, 498, 'Balti'),
(2069, 498, 'Cahul'),
(2070, 498, 'Stinga Nistrului'),
(2071, 498, 'Edinet'),
(2072, 498, 'Găgăuzia'),
(2073, 498, 'Lapusna'),
(2074, 498, 'Orhei'),
(2075, 498, 'Soroca'),
(2076, 498, 'Tighina'),
(2077, 498, 'Ungheni'),
(2078, 498, 'Chişinău'),
(2080, 498, 'Raionul Anenii Noi'),
(2082, 498, 'Raionul Basarabeasca'),
(2083, 498, 'Bender'),
(2084, 498, 'Raionul Briceni'),
(2085, 498, 'Raionul Cahul'),
(2086, 498, 'Raionul Cantemir'),
(2087, 498, 'Călăraşi'),
(2088, 498, 'Căuşeni'),
(2089, 498, 'Raionul Cimişlia'),
(2090, 498, 'Raionul Criuleni'),
(2091, 498, 'Raionul Donduşeni'),
(2092, 498, 'Raionul Drochia'),
(2093, 498, 'Dubăsari'),
(2094, 498, 'Raionul Edineţ'),
(2095, 498, 'Raionul Făleşti'),
(2096, 498, 'Raionul Floreşti'),
(2097, 498, 'Raionul Glodeni'),
(2098, 498, 'Raionul Hînceşti'),
(2099, 498, 'Raionul Ialoveni'),
(2100, 498, 'Raionul Leova'),
(2101, 498, 'Raionul Nisporeni'),
(2102, 498, 'Raionul Ocniţa'),
(2103, 498, 'Raionul Orhei'),
(2104, 498, 'Raionul Rezina'),
(2105, 498, 'Raionul Rîşcani'),
(2106, 498, 'Raionul Sîngerei'),
(2107, 498, 'Raionul Şoldăneşti'),
(2108, 498, 'Raionul Soroca'),
(2109, 498, 'Ştefan-Vodă'),
(2110, 498, 'Raionul Străşeni'),
(2111, 498, 'Raionul Taraclia'),
(2112, 498, 'Raionul Teleneşti'),
(2113, 498, 'Raionul Ungheni'),
(2114, 499, 'Opština Andrijevica'),
(2115, 499, 'Opština Bar'),
(2116, 499, 'Opština Berane'),
(2117, 499, 'Opština Bijelo Polje'),
(2118, 499, 'Opština Budva'),
(2119, 499, 'Opština Cetinje'),
(2120, 499, 'Opština Danilovgrad'),
(2121, 499, 'Opština Herceg Novi'),
(2122, 499, 'Opština Kolašin'),
(2123, 499, 'Opština Kotor'),
(2124, 499, 'Opština Mojkovac'),
(2125, 499, 'Opština Nikšić'),
(2126, 499, 'Opština Plav'),
(2127, 499, 'Opština Pljevlja'),
(2128, 499, 'Opština Plužine'),
(2129, 499, 'Opština Podgorica'),
(2130, 499, 'Opština Rožaje'),
(2131, 499, 'Opština Šavnik'),
(2132, 499, 'Opština Tivat'),
(2133, 499, 'Opština Ulcinj'),
(2134, 499, 'Opština Žabljak'),
(2135, 500, 'Saint Anthony'),
(2136, 500, 'Saint Georges'),
(2138, 504, 'Agadir'),
(2139, 504, 'Al Hoceïma'),
(2140, 504, 'Azizal'),
(2141, 504, 'Ben Slimane'),
(2142, 504, 'Beni Mellal'),
(2143, 504, 'Boulemane'),
(2144, 504, 'Casablanca'),
(2145, 504, 'Chaouen'),
(2146, 504, 'El Jadida'),
(2147, 504, 'El Kelaa des Srarhna'),
(2148, 504, 'Er Rachidia'),
(2149, 504, 'Essaouira'),
(2150, 504, 'Fes'),
(2151, 504, 'Figuig'),
(2152, 504, 'Kenitra'),
(2153, 504, 'Khemisset'),
(2154, 504, 'Khenifra'),
(2155, 504, 'Khouribga'),
(2156, 504, 'Marrakech'),
(2157, 504, 'Meknes'),
(2158, 504, 'Nador'),
(2159, 504, 'Ouarzazate'),
(2160, 504, 'Oujda'),
(2161, 504, 'Rabat-Sale'),
(2162, 504, 'Safi'),
(2163, 504, 'Settat'),
(2164, 504, 'Tanger'),
(2165, 504, 'Tata'),
(2166, 504, 'Taza'),
(2167, 504, 'Tiznit'),
(2168, 504, 'Guelmim'),
(2169, 504, 'Ifrane'),
(2170, 504, 'Laayoune'),
(2171, 504, 'Tan-Tan'),
(2172, 504, 'Taounate'),
(2173, 504, 'Sidi Kacem'),
(2174, 504, 'Taroudannt'),
(2175, 504, 'Tetouan');
INSERT INTO `counties` (`id`, `country_id`, `name`) VALUES
(2176, 504, 'Larache'),
(2177, 504, 'Grand Casablanca'),
(2178, 504, 'Fès-Boulemane'),
(2179, 504, 'Marrakech-Tensift-Al Haouz'),
(2180, 504, 'Meknès-Tafilalet'),
(2181, 504, 'Rabat-Salé-Zemmour-Zaër'),
(2182, 504, 'Chaouia-Ouardigha'),
(2183, 504, 'Doukkala-Abda'),
(2184, 504, 'Gharb-Chrarda-Beni Hssen'),
(2185, 504, 'Guelmim-Es Smara'),
(2186, 504, 'Oriental'),
(2187, 504, 'Souss-Massa-Drâa'),
(2188, 504, 'Tadla-Azilal'),
(2189, 504, 'Tanger-Tétouan'),
(2190, 504, 'Taza-Al Hoceima-Taounate'),
(2191, 504, 'Laâyoune-Boujdour-Sakia El Hamra'),
(2192, 508, 'Cabo Delgado'),
(2193, 508, 'Gaza'),
(2194, 508, 'Inhambane'),
(2195, 508, 'Maputo Province'),
(2196, 508, 'Sofala'),
(2197, 508, 'Nampula'),
(2198, 508, 'Niassa'),
(2199, 508, 'Tete'),
(2200, 508, 'Zambézia'),
(2201, 508, 'Manica'),
(2202, 508, 'Maputo'),
(2203, 512, 'Ad Dākhilīyah'),
(2204, 512, 'Al Bāţinah'),
(2205, 512, 'Al Wusţá'),
(2206, 512, 'Ash Sharqīyah'),
(2207, 512, 'Masqaţ'),
(2208, 512, 'Musandam'),
(2209, 512, 'Z̧ufār'),
(2210, 512, 'Az̧ Z̧āhirah'),
(2211, 512, 'Muḩāfaz̧at al Buraymī'),
(2212, 516, 'Bethanien'),
(2213, 516, 'Caprivi Oos'),
(2214, 516, 'Kaokoland'),
(2215, 516, 'Otjiwarongo'),
(2216, 516, 'Outjo'),
(2217, 516, 'Owambo'),
(2218, 516, 'Khomas'),
(2219, 516, 'Kavango'),
(2220, 516, 'Caprivi'),
(2221, 516, 'Erongo'),
(2222, 516, 'Hardap'),
(2223, 516, 'Karas'),
(2224, 516, 'Kunene'),
(2225, 516, 'Ohangwena'),
(2226, 516, 'Okavango'),
(2227, 516, 'Omaheke'),
(2228, 516, 'Omusati'),
(2229, 516, 'Oshana'),
(2230, 516, 'Oshikoto'),
(2231, 516, 'Otjozondjupa'),
(2232, 520, 'Aiwo'),
(2233, 520, 'Anabar'),
(2234, 520, 'Anetan'),
(2235, 520, 'Anibare'),
(2236, 520, 'Baiti'),
(2237, 520, 'Boe'),
(2238, 520, 'Buada'),
(2239, 520, 'Denigomodu'),
(2240, 520, 'Ewa'),
(2241, 520, 'Ijuw'),
(2242, 520, 'Meneng'),
(2243, 520, 'Nibok'),
(2244, 520, 'Uaboe'),
(2245, 520, 'Yaren'),
(2246, 524, 'Bāgmatī'),
(2247, 524, 'Bherī'),
(2248, 524, 'Dhawalāgiri'),
(2249, 524, 'Gandakī'),
(2250, 524, 'Janakpur'),
(2251, 524, 'Karnālī'),
(2252, 524, 'Kosī'),
(2253, 524, 'Lumbinī'),
(2254, 524, 'Mahākālī'),
(2255, 524, 'Mechī'),
(2256, 524, 'Nārāyanī'),
(2257, 524, 'Rāptī'),
(2258, 524, 'Sagarmāthā'),
(2259, 524, 'Setī'),
(2260, 528, 'Provincie Drenthe'),
(2261, 528, 'Provincie Friesland'),
(2262, 528, 'Gelderland'),
(2263, 528, 'Groningen'),
(2264, 528, 'Limburg'),
(2265, 528, 'North Brabant'),
(2266, 528, 'North Holland'),
(2267, 528, 'Utrecht'),
(2268, 528, 'Zeeland'),
(2269, 528, 'South Holland'),
(2270, 528, 'Overijssel'),
(2271, 528, 'Flevoland'),
(2272, 530, 'Netherlands Antilles'),
(2273, 533, 'Aruba'),
(2274, 548, 'Ambrym'),
(2275, 548, 'Aoba/Maéwo'),
(2276, 548, 'Torba'),
(2277, 548, 'Éfaté'),
(2278, 548, 'Épi'),
(2279, 548, 'Malakula'),
(2280, 548, 'Paama'),
(2281, 548, 'Pentecôte'),
(2282, 548, 'Sanma'),
(2283, 548, 'Shepherd'),
(2284, 548, 'Tafea'),
(2285, 548, 'Malampa'),
(2286, 548, 'Penama'),
(2287, 548, 'Shefa'),
(2288, 554, 'Tasman'),
(2289, 554, 'Auckland'),
(2290, 554, 'Bay of Plenty'),
(2291, 554, 'Canterbury'),
(2292, 554, 'Gisborne'),
(2293, 554, 'Hawkeʼs Bay'),
(2294, 554, 'Manawatu-Wanganui'),
(2295, 554, 'Marlborough'),
(2296, 554, 'Nelson'),
(2297, 554, 'Northland'),
(2298, 554, 'Otago'),
(2299, 554, 'Southland'),
(2300, 554, 'Taranaki'),
(2301, 554, 'Waikato'),
(2302, 554, 'Wellington'),
(2303, 554, 'West Coast'),
(2304, 558, 'Boaco'),
(2305, 558, 'Carazo'),
(2306, 558, 'Chinandega'),
(2307, 558, 'Chontales'),
(2308, 558, 'Estelí'),
(2309, 558, 'Granada'),
(2310, 558, 'Jinotega'),
(2311, 558, 'León'),
(2312, 558, 'Madriz'),
(2313, 558, 'Managua'),
(2314, 558, 'Masaya'),
(2315, 558, 'Matagalpa'),
(2316, 558, 'Nueva Segovia'),
(2317, 558, 'Río San Juan'),
(2318, 558, 'Rivas'),
(2319, 558, 'Ogun State'),
(2320, 558, 'Atlántico Norte'),
(2321, 558, 'Atlántico Sur'),
(2322, 562, 'Agadez'),
(2323, 562, 'Diffa'),
(2324, 562, 'Dosso'),
(2325, 562, 'Maradi'),
(2326, 562, 'Tahoua'),
(2327, 562, 'Zinder'),
(2328, 562, 'Niamey'),
(2329, 562, 'Tillabéri'),
(2330, 566, 'Lagos'),
(2331, 566, 'Abuja Federal Capital Territory'),
(2332, 566, 'Ogun'),
(2333, 566, 'Akwa Ibom'),
(2334, 566, 'Cross River'),
(2335, 566, 'Kaduna'),
(2336, 566, 'Katsina'),
(2337, 566, 'Anambra'),
(2338, 566, 'Benue'),
(2339, 566, 'Borno'),
(2340, 566, 'Imo'),
(2341, 566, 'Kano'),
(2342, 566, 'Kwara'),
(2343, 566, 'Niger'),
(2344, 566, 'Oyo'),
(2345, 566, 'Adamawa'),
(2346, 566, 'Delta'),
(2347, 566, 'Edo'),
(2348, 566, 'Jigawa'),
(2349, 566, 'Kebbi'),
(2350, 566, 'Kogi'),
(2351, 566, 'Osun'),
(2352, 566, 'Taraba'),
(2353, 566, 'Yobe'),
(2354, 566, 'Abia'),
(2355, 566, 'Bauchi'),
(2356, 566, 'Enugu'),
(2357, 566, 'Ondo'),
(2359, 566, 'Rivers'),
(2360, 566, 'Sokoto'),
(2361, 566, 'Bayelsa'),
(2362, 566, 'Ebonyi'),
(2363, 566, 'Ekiti'),
(2364, 566, 'Gombe'),
(2365, 566, 'Nassarawa'),
(2366, 566, 'Zamfara'),
(2367, 570, 'Niue'),
(2368, 574, 'Norfolk Island'),
(2369, 578, 'Svalbard'),
(2370, 578, 'Akershus'),
(2371, 578, 'Aust-Agder'),
(2372, 578, 'Buskerud'),
(2373, 578, 'Finnmark'),
(2374, 578, 'Hedmark'),
(2375, 578, 'Hordaland'),
(2376, 578, 'Møre og Romsdal'),
(2377, 578, 'Nordland'),
(2378, 578, 'Nord-Trøndelag'),
(2379, 578, 'Oppland'),
(2380, 578, 'Oslo county'),
(2381, 578, 'Østfold'),
(2382, 578, 'Rogaland'),
(2383, 578, 'Sogn og Fjordane'),
(2384, 578, 'Sør-Trøndelag'),
(2385, 578, 'Telemark'),
(2386, 578, 'Troms'),
(2387, 578, 'Vest-Agder'),
(2388, 578, 'Vestfold'),
(2389, 583, 'Kosrae'),
(2390, 583, 'Pohnpei'),
(2391, 583, 'Chuuk'),
(2392, 583, 'Yap'),
(2393, 584, 'Marshall Islands'),
(2394, 585, 'State of Ngeremlengui'),
(2395, 586, 'Federally Administered Tribal Areas'),
(2396, 586, 'Balochistān'),
(2397, 586, 'North West Frontier Province'),
(2399, 586, 'Sindh'),
(2400, 586, 'Azad Kashmir'),
(2401, 586, 'Gilgit-Baltistan'),
(2402, 586, 'Islāmābād'),
(2403, 591, 'Bocas del Toro'),
(2404, 591, 'Chiriquí'),
(2405, 591, 'Coclé'),
(2407, 591, 'Darién'),
(2408, 591, 'Herrera'),
(2409, 591, 'Los Santos'),
(2410, 591, 'Panamá'),
(2411, 591, 'San Blas'),
(2412, 591, 'Veraguas'),
(2414, 598, 'Gulf'),
(2415, 598, 'Milne Bay'),
(2417, 598, 'Southern Highlands'),
(2419, 598, 'Bougainville'),
(2420, 598, 'Chimbu'),
(2421, 598, 'Eastern Highlands'),
(2422, 598, 'East New Britain'),
(2423, 598, 'East Sepik'),
(2424, 598, 'Madang'),
(2425, 598, 'Manus'),
(2426, 598, 'Morobe'),
(2427, 598, 'New Ireland'),
(2428, 598, 'Western Highlands'),
(2429, 598, 'West New Britain'),
(2430, 598, 'Sandaun'),
(2431, 598, 'Enga'),
(2432, 598, 'National Capital'),
(2433, 600, 'Alto Paraná'),
(2434, 600, 'Amambay'),
(2435, 600, 'Caaguazú'),
(2436, 600, 'Caazapá'),
(2438, 600, 'Concepción'),
(2439, 600, 'Cordillera'),
(2440, 600, 'Guairá'),
(2441, 600, 'Itapúa'),
(2443, 600, 'Ñeembucú'),
(2444, 600, 'Paraguarí'),
(2445, 600, 'Presidente Hayes'),
(2447, 600, 'Canindeyú'),
(2448, 600, 'Asunción'),
(2449, 600, 'Departamento de Alto Paraguay'),
(2450, 600, 'Boquerón'),
(2452, 604, 'Ancash'),
(2453, 604, 'Apurímac'),
(2454, 604, 'Arequipa'),
(2455, 604, 'Ayacucho'),
(2456, 604, 'Cajamarca'),
(2457, 604, 'Callao'),
(2458, 604, 'Cusco'),
(2459, 604, 'Huancavelica'),
(2460, 604, 'Huanuco'),
(2461, 604, 'Ica'),
(2462, 604, 'Junín'),
(2464, 604, 'Lambayeque'),
(2465, 604, 'Lima'),
(2466, 604, 'Provincia de Lima'),
(2467, 604, 'Loreto'),
(2468, 604, 'Madre de Dios'),
(2469, 604, 'Moquegua'),
(2470, 604, 'Pasco'),
(2471, 604, 'Piura'),
(2472, 604, 'Puno'),
(2473, 604, 'San Martín'),
(2474, 604, 'Tacna'),
(2475, 604, 'Tumbes'),
(2476, 604, 'Ucayali'),
(2477, 608, 'Abra'),
(2478, 608, 'Agusan del Norte'),
(2479, 608, 'Agusan del Sur'),
(2480, 608, 'Aklan'),
(2481, 608, 'Albay'),
(2482, 608, 'Antique'),
(2483, 608, 'Bataan'),
(2484, 608, 'Batanes'),
(2485, 608, 'Batangas'),
(2486, 608, 'Benguet'),
(2487, 608, 'Bohol'),
(2488, 608, 'Bukidnon'),
(2489, 608, 'Bulacan'),
(2490, 608, 'Cagayan'),
(2491, 608, 'Camarines Norte'),
(2492, 608, 'Camarines Sur'),
(2493, 608, 'Camiguin'),
(2494, 608, 'Capiz'),
(2495, 608, 'Catanduanes'),
(2496, 608, 'Cebu'),
(2497, 608, 'Basilan'),
(2498, 608, 'Eastern Samar'),
(2499, 608, 'Davao del Sur'),
(2500, 608, 'Davao Oriental'),
(2501, 608, 'Ifugao'),
(2502, 608, 'Ilocos Norte'),
(2503, 608, 'Ilocos Sur'),
(2504, 608, 'Iloilo'),
(2505, 608, 'Isabela'),
(2506, 608, 'Laguna'),
(2507, 608, 'Lanao del Sur'),
(2509, 608, 'Leyte'),
(2510, 608, 'Marinduque'),
(2511, 608, 'Masbate'),
(2512, 608, 'Occidental Mindoro'),
(2513, 608, 'Oriental Mindoro'),
(2514, 608, 'Misamis Oriental'),
(2515, 608, 'Mountain Province'),
(2516, 608, 'Negros Oriental'),
(2517, 608, 'Nueva Ecija'),
(2518, 608, 'Nueva Vizcaya'),
(2519, 608, 'Palawan'),
(2520, 608, 'Pampanga'),
(2521, 608, 'Pangasinan'),
(2522, 608, 'Rizal'),
(2523, 608, 'Romblon'),
(2524, 608, 'Samar'),
(2525, 608, 'Maguindanao'),
(2526, 608, 'Cotabato City'),
(2527, 608, 'Sorsogon'),
(2528, 608, 'Southern Leyte'),
(2529, 608, 'Sulu'),
(2530, 608, 'Surigao del Norte'),
(2531, 608, 'Surigao del Sur'),
(2532, 608, 'Tarlac'),
(2533, 608, 'Zambales'),
(2534, 608, 'Zamboanga del Norte'),
(2535, 608, 'Zamboanga del Sur'),
(2536, 608, 'Northern Samar'),
(2537, 608, 'Quirino'),
(2538, 608, 'Siquijor'),
(2539, 608, 'South Cotabato'),
(2540, 608, 'Sultan Kudarat'),
(2541, 608, 'Kalinga'),
(2542, 608, 'Apayao'),
(2543, 608, 'Tawi-Tawi'),
(2544, 608, 'Angeles'),
(2545, 608, 'Bacolod City'),
(2546, 608, 'Compostela Valley'),
(2547, 608, 'Baguio'),
(2548, 608, 'Davao del Norte'),
(2549, 608, 'Butuan'),
(2550, 608, 'Guimaras'),
(2551, 608, 'Lanao del Norte'),
(2552, 608, 'Misamis Occidental'),
(2553, 608, 'Caloocan'),
(2554, 608, 'Cavite'),
(2555, 608, 'Cebu City'),
(2556, 608, 'Cotabato'),
(2557, 608, 'Dagupan'),
(2558, 608, 'Cagayan de Oro'),
(2559, 608, 'Iligan'),
(2560, 608, 'Davao'),
(2561, 608, 'Las Piñas'),
(2562, 608, 'Malabon'),
(2563, 608, 'General Santos'),
(2564, 608, 'Muntinlupa'),
(2565, 608, 'Iloilo City'),
(2566, 608, 'Navotas'),
(2567, 608, 'Parañaque'),
(2568, 608, 'Quezon City'),
(2569, 608, 'Lapu-Lapu'),
(2570, 608, 'Taguig'),
(2571, 608, 'Valenzuela'),
(2572, 608, 'Lucena'),
(2573, 608, 'Mandaue'),
(2574, 608, 'Manila'),
(2575, 608, 'Zamboanga Sibugay'),
(2576, 608, 'Naga'),
(2577, 608, 'Olongapo'),
(2578, 608, 'Ormoc'),
(2580, 608, 'Pateros'),
(2581, 608, 'Pasay'),
(2582, 608, 'Puerto Princesa'),
(2583, 608, 'Quezon'),
(2584, 608, 'Tacloban'),
(2585, 608, 'Zamboanga City'),
(2586, 608, 'Aurora'),
(2587, 608, 'Negros Occidental'),
(2588, 608, 'Biliran'),
(2589, 608, 'Makati City'),
(2590, 608, 'Sarangani'),
(2591, 608, 'Mandaluyong City'),
(2592, 608, 'Marikina'),
(2593, 608, 'Pasig'),
(2595, 612, 'Pitcairn Islands'),
(2596, 616, 'Biala Podlaska'),
(2597, 616, 'Bialystok'),
(2598, 616, 'Bielsko'),
(2599, 616, 'Bydgoszcz'),
(2600, 616, 'Chelm'),
(2601, 616, 'Ciechanow'),
(2602, 616, 'Czestochowa'),
(2603, 616, 'Elblag'),
(2604, 616, 'Gdansk'),
(2605, 616, 'Gorzow'),
(2606, 616, 'Jelenia Gora'),
(2607, 616, 'Kalisz'),
(2608, 616, 'Katowice'),
(2609, 616, 'Kielce'),
(2610, 616, 'Konin'),
(2611, 616, 'Koszalin'),
(2612, 616, 'Krakow'),
(2613, 616, 'Krosno'),
(2614, 616, 'Legnica'),
(2615, 616, 'Leszno'),
(2616, 616, 'Lodz'),
(2617, 616, 'Lomza'),
(2618, 616, 'Lublin'),
(2619, 616, 'Nowy Sacz'),
(2620, 616, 'Olsztyn'),
(2621, 616, 'Opole'),
(2622, 616, 'Ostroleka'),
(2624, 616, 'Piotrkow'),
(2625, 616, 'Plock'),
(2626, 616, 'Poznan'),
(2627, 616, 'Przemysl'),
(2628, 616, 'Radom'),
(2629, 616, 'Rzeszow'),
(2630, 616, 'Siedlce'),
(2631, 616, 'Sieradz'),
(2632, 616, 'Skierniewice'),
(2633, 616, 'Slupsk'),
(2634, 616, 'Suwalki'),
(2635, 616, 'Szczecin'),
(2636, 616, 'Tarnobrzeg'),
(2637, 616, 'Tarnow'),
(2638, 616, 'Torufi'),
(2639, 616, 'Walbrzych'),
(2640, 616, 'Warszawa'),
(2641, 616, 'Wloclawek'),
(2642, 616, 'Wroclaw'),
(2643, 616, 'Zamosc'),
(2644, 616, 'Zielona Gora'),
(2645, 616, 'Lower Silesian Voivodeship'),
(2646, 616, 'Kujawsko-Pomorskie Voivodship'),
(2647, 616, 'Łódź Voivodeship'),
(2648, 616, 'Lublin Voivodeship'),
(2649, 616, 'Lubusz Voivodship'),
(2650, 616, 'Lesser Poland Voivodeship'),
(2651, 616, 'Masovian Voivodeship'),
(2652, 616, 'Opole Voivodeship'),
(2653, 616, 'Subcarpathian Voivodeship'),
(2654, 616, 'Podlasie Voivodship'),
(2655, 616, 'Pomeranian Voivodeship'),
(2656, 616, 'Silesian Voivodeship'),
(2657, 616, 'Świętokrzyskie Voivodship'),
(2658, 616, 'Warmian-Masurian Voivodeship'),
(2659, 616, 'Greater Poland Voivodeship'),
(2660, 616, 'West Pomeranian Voivodeship'),
(2661, 620, 'Aveiro'),
(2662, 620, 'Beja'),
(2663, 620, 'Braga'),
(2664, 620, 'Bragança'),
(2665, 620, 'Castelo Branco'),
(2666, 620, 'Coimbra'),
(2667, 620, 'Évora'),
(2668, 620, 'Faro'),
(2669, 620, 'Madeira'),
(2670, 620, 'Guarda'),
(2671, 620, 'Leiria'),
(2672, 620, 'Lisbon'),
(2673, 620, 'Portalegre'),
(2674, 620, 'Porto'),
(2675, 620, 'Santarém'),
(2676, 620, 'Setúbal'),
(2677, 620, 'Viana do Castelo'),
(2678, 620, 'Vila Real'),
(2679, 620, 'Viseu'),
(2680, 620, 'Azores'),
(2681, 624, 'Bafatá'),
(2682, 624, 'Quinara'),
(2683, 624, 'Oio'),
(2684, 624, 'Bolama'),
(2685, 624, 'Cacheu'),
(2686, 624, 'Tombali'),
(2687, 624, 'Gabú'),
(2688, 624, 'Bissau'),
(2689, 624, 'Biombo'),
(2690, 626, 'Bobonaro'),
(2691, 630, 'Puerto Rico'),
(2692, 634, 'Ad Dawḩah'),
(2693, 634, 'Al Ghuwayrīyah'),
(2694, 634, 'Al Jumaylīyah'),
(2695, 634, 'Al Khawr'),
(2696, 634, 'Al Wakrah Municipality'),
(2697, 634, 'Ar Rayyān'),
(2698, 634, 'Jarayan al Batinah'),
(2699, 634, 'Madīnat ash Shamāl'),
(2700, 634, 'Umm Şalāl'),
(2701, 634, 'Al Wakrah'),
(2703, 634, 'Umm Sa‘īd'),
(2704, 638, 'Réunion'),
(2705, 642, 'Alba'),
(2706, 642, 'Arad'),
(2707, 642, 'Argeş'),
(2708, 642, 'Bacău'),
(2709, 642, 'Bihor'),
(2710, 642, 'Bistriţa-Năsăud'),
(2711, 642, 'Botoşani'),
(2712, 642, 'Brăila'),
(2713, 642, 'Braşov'),
(2714, 642, 'Bucureşti'),
(2715, 642, 'Buzău'),
(2716, 642, 'Caraş-Severin'),
(2717, 642, 'Cluj'),
(2718, 642, 'Constanţa'),
(2719, 642, 'Covasna'),
(2720, 642, 'Dâmboviţa'),
(2721, 642, 'Dolj'),
(2722, 642, 'Galaţi'),
(2723, 642, 'Gorj'),
(2724, 642, 'Harghita'),
(2725, 642, 'Hunedoara'),
(2726, 642, 'Ialomiţa'),
(2727, 642, 'Iaşi'),
(2728, 642, 'Maramureş'),
(2729, 642, 'Mehedinţi'),
(2730, 642, 'Mureş'),
(2731, 642, 'Neamţ'),
(2732, 642, 'Olt'),
(2733, 642, 'Prahova'),
(2734, 642, 'Sălaj'),
(2735, 642, 'Satu Mare'),
(2736, 642, 'Sibiu'),
(2737, 642, 'Suceava'),
(2738, 642, 'Teleorman'),
(2739, 642, 'Timiş'),
(2740, 642, 'Tulcea'),
(2741, 642, 'Vaslui'),
(2742, 642, 'Vâlcea'),
(2743, 642, 'Judeţul Vrancea'),
(2745, 642, 'Giurgiu'),
(2746, 642, 'Ilfov'),
(2747, 643, 'Adygeya'),
(2748, 643, 'Altay'),
(2749, 643, 'Altayskiy Kray'),
(2750, 643, 'Amur'),
(2751, 643, 'Arkhangelskaya oblast'),
(2752, 643, 'Astrakhan'),
(2753, 643, 'Bashkortostan'),
(2754, 643, 'Belgorod'),
(2755, 643, 'Brjansk'),
(2756, 643, 'Buryatiya'),
(2757, 643, 'Chechnya'),
(2758, 643, 'Tsjeljabinsk'),
(2759, 643, 'Zabaïkalski Kray'),
(2760, 643, 'Chukotskiy Avtonomnyy Okrug'),
(2761, 643, 'Chuvashia'),
(2762, 643, 'Dagestan'),
(2763, 643, 'Ingushetiya'),
(2764, 643, 'Irkutsk'),
(2765, 643, 'Ivanovo'),
(2766, 643, 'Kabardino-Balkariya'),
(2767, 643, 'Kaliningrad'),
(2768, 643, 'Kalmykiya'),
(2769, 643, 'Kaluga'),
(2770, 643, 'Karachayevo-Cherkesiya'),
(2771, 643, 'Kareliya'),
(2772, 643, 'Kemerovo'),
(2773, 643, 'Khabarovsk Krai'),
(2774, 643, 'Khakasiya'),
(2775, 643, 'Khanty-Mansiyskiy Avtonomnyy Okrug'),
(2776, 643, 'Kirov'),
(2777, 643, 'Komi'),
(2778, 643, 'Kostroma'),
(2779, 643, 'Krasnodarskiy Kray'),
(2780, 643, 'Kurgan'),
(2781, 643, 'Kursk'),
(2782, 643, 'Leningradskaya Oblastʼ'),
(2783, 643, 'Lipetsk'),
(2784, 643, 'Magadan'),
(2785, 643, 'Mariy-El'),
(2786, 643, 'Mordoviya'),
(2787, 643, 'Moskovskaya Oblastʼ'),
(2788, 643, 'Moscow'),
(2789, 643, 'Murmansk Oblast'),
(2790, 643, 'Nenetskiy Avtonomnyy Okrug'),
(2791, 643, 'Nizjnij Novgorod'),
(2792, 643, 'Novgorod'),
(2793, 643, 'Novosibirsk'),
(2794, 643, 'Omsk'),
(2795, 643, 'Orenburg'),
(2796, 643, 'Orjol'),
(2797, 643, 'Penza'),
(2798, 643, 'Primorskiy Kray'),
(2799, 643, 'Pskov'),
(2800, 643, 'Rostov'),
(2801, 643, 'Rjazan'),
(2802, 643, 'Sakha'),
(2803, 643, 'Sakhalin'),
(2804, 643, 'Samara'),
(2805, 643, 'Sankt-Peterburg'),
(2806, 643, 'Saratov'),
(2807, 643, 'Severnaya Osetiya-Alaniya'),
(2808, 643, 'Smolensk'),
(2809, 643, 'Stavropolʼskiy Kray'),
(2810, 643, 'Sverdlovsk'),
(2811, 643, 'Tambov'),
(2812, 643, 'Tatarstan'),
(2813, 643, 'Tomsk'),
(2814, 643, 'Tula'),
(2815, 643, 'Tverskaya Oblast’'),
(2816, 643, 'Tjumen'),
(2817, 643, 'Tyva'),
(2818, 643, 'Udmurtiya'),
(2819, 643, 'Uljanovsk'),
(2820, 643, 'Vladimir'),
(2821, 643, 'Volgograd'),
(2822, 643, 'Vologda'),
(2823, 643, 'Voronezj'),
(2824, 643, 'Yamalo-Nenetskiy Avtonomnyy Okrug'),
(2825, 643, 'Jaroslavl'),
(2826, 643, 'Jewish Autonomous Oblast'),
(2827, 643, 'Perm'),
(2828, 643, 'Krasnoyarskiy Kray'),
(2829, 643, 'Kamtsjatka'),
(2830, 643, 'RSJA'),
(2831, 646, 'Eastern Province'),
(2832, 646, 'Kigali City'),
(2833, 646, 'Northern Province'),
(2834, 646, 'Western Province'),
(2835, 646, 'Southern Province'),
(2836, 654, 'Ascension'),
(2837, 654, 'Saint Helena'),
(2838, 654, 'Tristan da Cunha'),
(2839, 659, 'Christ Church Nichola Town'),
(2840, 659, 'Saint Anne Sandy Point'),
(2841, 659, 'Saint George Basseterre'),
(2842, 659, 'Saint George Gingerland'),
(2843, 659, 'Saint James Windwa'),
(2844, 659, 'Saint John Capesterre'),
(2845, 659, 'Saint John Figtree'),
(2846, 659, 'Saint Mary Cayon'),
(2847, 659, 'Saint Paul Capesterre'),
(2848, 659, 'Saint Paul Charlestown'),
(2849, 659, 'Saint Peter Basseterre'),
(2850, 659, 'Saint Thomas Lowland'),
(2851, 659, 'Saint Thomas Middle Island'),
(2852, 659, 'Trinity Palmetto Point'),
(2853, 660, 'Anguilla'),
(2854, 662, 'Anse-la-Raye'),
(2855, 662, 'Dauphin'),
(2856, 662, 'Castries'),
(2858, 662, 'Dennery'),
(2859, 662, 'Gros-Islet'),
(2860, 662, 'Laborie'),
(2861, 662, 'Micoud'),
(2862, 662, 'Soufrière'),
(2863, 662, 'Vieux-Fort'),
(2864, 662, 'Praslin'),
(2865, 666, 'Saint-Pierre-et-Miquelon'),
(2866, 670, 'Charlotte'),
(2871, 670, 'Grenadines'),
(2872, 674, 'Acquaviva'),
(2873, 674, 'Chiesanuova'),
(2874, 674, 'Domagnano'),
(2875, 674, 'Faetano'),
(2876, 674, 'Fiorentino'),
(2877, 674, 'Borgo Maggiore'),
(2878, 674, 'San Marino'),
(2879, 674, 'Montegiardino'),
(2880, 674, 'Serravalle'),
(2881, 678, 'Príncipe'),
(2883, 678, 'São Tomé'),
(2884, 682, 'Al Bāḩah'),
(2885, 682, 'Al Madīnah'),
(2887, 682, 'Al Qaşīm'),
(2888, 682, 'Ar Riyāḑ'),
(2889, 682, '‘Asīr'),
(2890, 682, 'Ḩāʼil'),
(2891, 682, 'Makkah'),
(2892, 682, 'Northern Borders Region'),
(2893, 682, 'Najrān'),
(2894, 682, 'Jīzān'),
(2895, 682, 'Tabūk'),
(2896, 682, 'Al Jawf'),
(2897, 686, 'Dakar'),
(2898, 686, 'Diourbel'),
(2899, 686, 'Saint-Louis'),
(2900, 686, 'Tambacounda'),
(2901, 686, 'Thiès'),
(2902, 686, 'Louga'),
(2903, 686, 'Fatick'),
(2904, 686, 'Kaolack'),
(2905, 686, 'Kolda Region'),
(2906, 686, 'Ziguinchor'),
(2909, 686, 'Matam'),
(2910, 688, 'Autonomna Pokrajina Vojvodina'),
(2911, 690, 'Anse aux Pins'),
(2912, 690, 'Anse Boileau'),
(2913, 690, 'Anse Etoile'),
(2914, 690, 'Anse Louis'),
(2915, 690, 'Anse Royale'),
(2916, 690, 'Baie Lazare'),
(2917, 690, 'Baie Sainte Anne'),
(2918, 690, 'Beau Vallon'),
(2919, 690, 'Bel Air'),
(2920, 690, 'Bel Ombre'),
(2921, 690, 'Cascade'),
(2922, 690, 'Glacis'),
(2923, 690, 'Saint Thomas Middle Island Parish'),
(2924, 690, 'Grand Anse Praslin'),
(2925, 690, 'Trinity Palmetto Point Parish'),
(2926, 690, 'La Riviere Anglaise'),
(2927, 690, 'Mont Buxton'),
(2928, 690, 'Mont Fleuri'),
(2929, 690, 'Plaisance'),
(2930, 690, 'Pointe Larue'),
(2931, 690, 'Port Glaud'),
(2932, 690, 'Saint Louis'),
(2933, 690, 'Takamaka'),
(2935, 690, 'Inner Islands'),
(2936, 690, 'English River'),
(2942, 690, 'Grand Anse Mahe'),
(2951, 690, 'Au Cap'),
(2952, 690, 'Les Mamelles'),
(2953, 690, 'Roche Caiman'),
(2957, 694, 'Western Area'),
(2958, 702, 'Singapore'),
(2959, 703, 'Banskobystrický'),
(2960, 703, 'Bratislavský'),
(2961, 703, 'Košický'),
(2962, 703, 'Nitriansky'),
(2963, 703, 'Prešovský'),
(2964, 703, 'Trenčiansky'),
(2965, 703, 'Trnavský'),
(2966, 703, 'Žilinský'),
(2967, 704, 'An Giang'),
(2968, 704, 'Bắc Thái Tỉnh'),
(2969, 704, 'Bến Tre'),
(2970, 704, 'Cao Bang'),
(2972, 704, 'Ten Bai'),
(2973, 704, 'Ðồng Tháp'),
(2974, 704, 'Hà Bắc Tỉnh'),
(2975, 704, 'Hải Hưng Tỉnh'),
(2976, 704, 'Hải Phòng'),
(2977, 704, 'Hoa Binh'),
(2978, 704, 'Ha Tay'),
(2979, 704, 'Hồ Chí Minh'),
(2980, 704, 'Kiến Giang'),
(2981, 704, 'Lâm Ðồng'),
(2982, 704, 'Long An'),
(2983, 704, 'Minh Hải Tỉnh'),
(2984, 704, 'Thua Thien-Hue'),
(2985, 704, 'Quang Nam'),
(2986, 704, 'Kon Tum'),
(2987, 704, 'Quảng Nam-Ðà Nẵng Tỉnh'),
(2988, 704, 'Quảng Ninh'),
(2989, 704, 'Sông Bé Tỉnh'),
(2990, 704, 'Sơn La'),
(2991, 704, 'Tây Ninh'),
(2992, 704, 'Thanh Hóa'),
(2993, 704, 'Thái Bình'),
(2994, 704, 'Nin Thuan'),
(2995, 704, 'Tiền Giang'),
(2996, 704, 'Vinh Phú Tỉnh'),
(2997, 704, 'Lạng Sơn'),
(2998, 704, 'Binh Thuan'),
(3000, 704, 'Ðồng Nai'),
(3001, 704, 'Ha Nội'),
(3002, 704, 'Bà Rịa-Vũng Tàu'),
(3003, 704, 'Bình Ðịnh'),
(3005, 704, 'Gia Lai'),
(3006, 704, 'Hà Giang'),
(3008, 704, 'Hà Tĩnh'),
(3010, 704, 'Khánh Hòa'),
(3012, 704, 'Nam Hà Tỉnh'),
(3013, 704, 'Nghệ An'),
(3014, 704, 'Ninh Bình'),
(3015, 704, 'Ninh Thuận'),
(3016, 704, 'Phú Yên'),
(3017, 704, 'Quảng Bình'),
(3018, 704, 'Quảng Ngãi'),
(3019, 704, 'Quảng Trị'),
(3020, 704, 'Sóc Trăng'),
(3022, 704, 'Trà Vinh'),
(3023, 704, 'Tuyên Quang'),
(3024, 704, 'Vĩnh Long'),
(3025, 704, 'Yên Bái'),
(3026, 704, 'Bắc Giang'),
(3027, 704, 'Bắc Kạn'),
(3028, 704, 'Bạc Liêu'),
(3029, 704, 'Bắc Ninh'),
(3030, 704, 'Bình Dương'),
(3031, 704, 'Bình Phước'),
(3032, 704, 'Cà Mau'),
(3033, 704, 'Ðà Nẵng'),
(3034, 704, 'Hải Dương'),
(3035, 704, 'Hà Nam'),
(3036, 704, 'Hưng Yên'),
(3037, 704, 'Nam Ðịnh'),
(3038, 704, 'Phú Thọ'),
(3040, 704, 'Thái Nguyên'),
(3041, 704, 'Vĩnh Phúc'),
(3042, 704, 'Cần Thơ'),
(3043, 704, 'Ðắc Lắk'),
(3044, 704, 'Lai Châu'),
(3045, 704, 'Lào Cai'),
(3046, 705, 'Notranjska'),
(3047, 705, 'Koroška'),
(3048, 705, 'Štajerska'),
(3049, 705, 'Prekmurje'),
(3050, 705, 'Primorska'),
(3051, 705, 'Gorenjska'),
(3052, 705, 'Dolenjska'),
(3053, 706, 'Bakool'),
(3054, 706, 'Banaadir'),
(3055, 706, 'Bari'),
(3056, 706, 'Bay'),
(3057, 706, 'Galguduud'),
(3058, 706, 'Gedo'),
(3059, 706, 'Hiiraan'),
(3060, 706, 'Middle Juba'),
(3061, 706, 'Lower Juba'),
(3062, 706, 'Mudug'),
(3063, 706, 'Sanaag'),
(3064, 706, 'Middle Shabele'),
(3065, 706, 'Shabeellaha Hoose'),
(3066, 706, 'Nugaal'),
(3067, 706, 'Togdheer'),
(3068, 706, 'Woqooyi Galbeed'),
(3069, 706, 'Awdal'),
(3070, 706, 'Sool'),
(3071, 710, 'KwaZulu-Natal'),
(3072, 710, 'Free State'),
(3073, 710, 'Eastern Cape'),
(3074, 710, 'Gauteng'),
(3075, 710, 'Mpumalanga'),
(3076, 710, 'Northern Cape'),
(3077, 710, 'Limpopo'),
(3078, 710, 'North-West'),
(3079, 710, 'Western Cape'),
(3080, 716, 'Manicaland'),
(3081, 716, 'Midlands'),
(3082, 716, 'Mashonaland Central'),
(3083, 716, 'Mashonaland East'),
(3084, 716, 'Mashonaland West'),
(3085, 716, 'Matabeleland North'),
(3086, 716, 'Matabeleland South'),
(3087, 716, 'Masvingo'),
(3088, 716, 'Bulawayo'),
(3089, 716, 'Harare'),
(3090, 724, 'Ceuta'),
(3091, 724, 'Balearic Islands'),
(3093, 724, 'Autonomous Region of Madrid'),
(3094, 724, 'Murcia'),
(3095, 724, 'Navarre'),
(3096, 724, 'Asturias'),
(3097, 724, 'Cantabria'),
(3098, 724, 'Andalusia'),
(3099, 724, 'Aragon'),
(3100, 724, 'Canary Islands'),
(3101, 724, 'Castille-La Mancha'),
(3102, 724, 'Castille and León'),
(3103, 724, 'Catalonia'),
(3104, 724, 'Extremadura'),
(3105, 724, 'Galicia'),
(3106, 724, 'Basque Country'),
(3107, 724, 'Valencia'),
(3108, 732, 'Western Sahara'),
(3109, 736, 'Al Wilāyah al Wusţá'),
(3110, 736, 'Al Wilāyah al Istiwāʼīyah'),
(3111, 736, 'Khartoum'),
(3112, 736, 'Ash Shamaliyah'),
(3113, 736, 'Al Wilāyah ash Sharqīyah'),
(3114, 736, 'Ba?r al Ghazal Wilayat'),
(3115, 736, 'Darfur Wilayat'),
(3116, 736, 'Kurdufan Wilayat'),
(3117, 736, 'Upper Nile'),
(3118, 736, 'Red Sea'),
(3119, 736, 'Lakes'),
(3120, 736, 'Al Jazirah'),
(3121, 736, 'Al Qadarif'),
(3122, 736, 'Unity'),
(3123, 736, 'White Nile'),
(3124, 736, 'Blue Nile'),
(3126, 736, 'Central Equatoria'),
(3127, 736, 'Gharb al Istiwāʼīyah'),
(3128, 736, 'Western Bahr al Ghazal'),
(3129, 736, 'Gharb Dārfūr'),
(3130, 736, 'Gharb Kurdufān'),
(3131, 736, 'Janūb Dārfūr'),
(3132, 736, 'Janūb Kurdufān'),
(3133, 736, 'Junqalī'),
(3134, 736, 'Kassalā'),
(3135, 736, 'Nahr an Nīl'),
(3136, 736, 'Shamāl Baḩr al Ghazāl'),
(3137, 736, 'Shamāl Dārfūr'),
(3138, 736, 'Shamāl Kurdufān'),
(3139, 736, 'Eastern Equatoria'),
(3140, 736, 'Sinnār'),
(3141, 736, 'Warab'),
(3142, 740, 'Brokopondo'),
(3143, 740, 'Commewijne'),
(3144, 740, 'Coronie'),
(3145, 740, 'Marowijne'),
(3146, 740, 'Nickerie'),
(3148, 740, 'Paramaribo'),
(3149, 740, 'Saramacca'),
(3150, 740, 'Sipaliwini'),
(3151, 740, 'Wanica'),
(3152, 748, 'Hhohho'),
(3153, 748, 'Lubombo'),
(3154, 748, 'Manzini'),
(3155, 748, 'Shiselweni'),
(3156, 752, 'Blekinge'),
(3157, 752, 'Gävleborg'),
(3158, 752, 'Gotland'),
(3159, 752, 'Halland'),
(3160, 752, 'Jämtland'),
(3161, 752, 'Jönköping'),
(3162, 752, 'Kalmar'),
(3163, 752, 'Dalarna'),
(3164, 752, 'Kronoberg'),
(3165, 752, 'Norrbotten'),
(3166, 752, 'Örebro'),
(3167, 752, 'Östergötland'),
(3168, 752, 'Södermanland'),
(3169, 752, 'Uppsala'),
(3170, 752, 'Värmland'),
(3171, 752, 'Västerbotten'),
(3172, 752, 'Västernorrland'),
(3173, 752, 'Västmanland'),
(3174, 752, 'Stockholm'),
(3175, 752, 'Skåne'),
(3176, 752, 'Västra Götaland'),
(3177, 756, 'Aargau'),
(3178, 756, 'Appenzell Innerrhoden'),
(3179, 756, 'Appenzell Ausserrhoden'),
(3180, 756, 'Bern'),
(3181, 756, 'Basel-Landschaft'),
(3182, 756, 'Kanton Basel-Stadt'),
(3183, 756, 'Fribourg'),
(3184, 756, 'Genève'),
(3185, 756, 'Glarus'),
(3186, 756, 'Graubünden'),
(3187, 756, 'Jura'),
(3188, 756, 'Luzern'),
(3189, 756, 'Neuchâtel'),
(3190, 756, 'Nidwalden'),
(3191, 756, 'Obwalden'),
(3192, 756, 'Kanton St. Gallen'),
(3193, 756, 'Schaffhausen'),
(3194, 756, 'Solothurn'),
(3195, 756, 'Schwyz'),
(3196, 756, 'Thurgau'),
(3197, 756, 'Ticino'),
(3198, 756, 'Uri'),
(3199, 756, 'Vaud'),
(3200, 756, 'Valais'),
(3201, 756, 'Zug'),
(3202, 756, 'Zürich'),
(3203, 760, 'Al-Hasakah'),
(3204, 760, 'Latakia'),
(3205, 760, 'Quneitra'),
(3206, 760, 'Ar-Raqqah'),
(3207, 760, 'As-Suwayda'),
(3208, 760, 'Daraa'),
(3209, 760, 'Deir ez-Zor'),
(3210, 760, 'Rif-dimashq'),
(3211, 760, 'Aleppo'),
(3212, 760, 'Hama Governorate'),
(3213, 760, 'Homs'),
(3214, 760, 'Idlib'),
(3215, 760, 'Damascus City'),
(3216, 760, 'Tartus'),
(3217, 762, 'Gorno-Badakhshan'),
(3218, 762, 'Khatlon'),
(3219, 762, 'Sughd'),
(3220, 762, 'Dushanbe'),
(3221, 762, 'Region of Republican Subordination'),
(3222, 764, 'Mae Hong Son'),
(3223, 764, 'Chiang Mai'),
(3224, 764, 'Chiang Rai'),
(3225, 764, 'Nan'),
(3226, 764, 'Lamphun'),
(3227, 764, 'Lampang'),
(3228, 764, 'Phrae'),
(3229, 764, 'Tak'),
(3230, 764, 'Sukhothai'),
(3231, 764, 'Uttaradit'),
(3232, 764, 'Kamphaeng Phet'),
(3233, 764, 'Phitsanulok'),
(3234, 764, 'Phichit'),
(3235, 764, 'Phetchabun'),
(3236, 764, 'Uthai Thani'),
(3237, 764, 'Nakhon Sawan'),
(3238, 764, 'Nong Khai'),
(3239, 764, 'Loei'),
(3240, 764, 'Sakon Nakhon'),
(3241, 764, 'Nakhon Phanom'),
(3242, 764, 'Khon Kaen'),
(3243, 764, 'Kalasin'),
(3244, 764, 'Maha Sarakham'),
(3245, 764, 'Roi Et'),
(3246, 764, 'Chaiyaphum'),
(3247, 764, 'Nakhon Ratchasima'),
(3248, 764, 'Buriram'),
(3249, 764, 'Surin'),
(3250, 764, 'Sisaket'),
(3251, 764, 'Narathiwat'),
(3252, 764, 'Chai Nat'),
(3253, 764, 'Sing Buri'),
(3254, 764, 'Lop Buri'),
(3255, 764, 'Ang Thong'),
(3256, 764, 'Phra Nakhon Si Ayutthaya'),
(3257, 764, 'Sara Buri'),
(3258, 764, 'Nonthaburi'),
(3259, 764, 'Pathum Thani'),
(3260, 764, 'Bangkok'),
(3261, 764, 'Phayao'),
(3262, 764, 'Samut Prakan'),
(3263, 764, 'Nakhon Nayok'),
(3264, 764, 'Chachoengsao'),
(3265, 764, 'Chon Buri'),
(3266, 764, 'Rayong'),
(3267, 764, 'Chanthaburi'),
(3268, 764, 'Trat'),
(3269, 764, 'Kanchanaburi'),
(3270, 764, 'Suphan Buri'),
(3271, 764, 'Ratchaburi'),
(3272, 764, 'Nakhon Pathom'),
(3273, 764, 'Samut Songkhram'),
(3274, 764, 'Samut Sakhon'),
(3275, 764, 'Phetchaburi'),
(3276, 764, 'Prachuap Khiri Khan'),
(3277, 764, 'Chumphon'),
(3278, 764, 'Ranong'),
(3279, 764, 'Surat Thani'),
(3280, 764, 'Phangnga'),
(3281, 764, 'Phuket'),
(3282, 764, 'Krabi'),
(3283, 764, 'Nakhon Si Thammarat'),
(3284, 764, 'Trang'),
(3285, 764, 'Phatthalung'),
(3286, 764, 'Satun'),
(3287, 764, 'Songkhla'),
(3288, 764, 'Pattani'),
(3289, 764, 'Yala'),
(3290, 764, 'Yasothon'),
(3292, 764, 'Prachin Buri'),
(3293, 764, 'Ubon Ratchathani'),
(3294, 764, 'Udon Thani'),
(3295, 764, 'Amnat Charoen'),
(3296, 764, 'Mukdahan'),
(3297, 764, 'Nong Bua Lamphu'),
(3298, 764, 'Sa Kaeo'),
(3299, 768, 'Amlame'),
(3300, 768, 'Aneho'),
(3301, 768, 'Atakpame'),
(3302, 768, 'Bafilo'),
(3303, 768, 'Bassar'),
(3304, 768, 'Dapaong'),
(3305, 768, 'Kante'),
(3306, 768, 'Klouto'),
(3307, 768, 'Lama-Kara'),
(3308, 768, 'Lome'),
(3309, 768, 'Mango'),
(3310, 768, 'Niamtougou'),
(3311, 768, 'Notse'),
(3312, 768, 'Kpagouda'),
(3313, 768, 'Badou'),
(3314, 768, 'Sotouboua'),
(3315, 768, 'Tabligbo'),
(3316, 768, 'Tsevie'),
(3317, 768, 'Tchamba'),
(3318, 768, 'Tchaoudjo'),
(3319, 768, 'Vogan'),
(3320, 768, 'Centrale'),
(3321, 768, 'Kara'),
(3322, 768, 'Maritime'),
(3325, 772, 'Tokelau'),
(3326, 776, 'Ha‘apai'),
(3327, 776, 'Tongatapu'),
(3328, 776, 'Vava‘u'),
(3329, 780, 'Port of Spain'),
(3330, 780, 'San Fernando'),
(3331, 780, 'Chaguanas'),
(3332, 780, 'Arima'),
(3333, 780, 'Point Fortin Borough'),
(3334, 780, 'Couva-Tabaquite-Talparo'),
(3335, 780, 'Diego Martin'),
(3336, 780, 'Penal-Debe'),
(3337, 780, 'Princes Town'),
(3338, 780, 'Rio Claro-Mayaro'),
(3339, 780, 'San Juan-Laventille'),
(3340, 780, 'Sangre Grande'),
(3341, 780, 'Siparia'),
(3342, 780, 'Tunapuna-Piarco'),
(3343, 784, 'Abū Z̧aby'),
(3344, 784, 'Ajman'),
(3345, 784, 'Dubayy'),
(3346, 784, 'Al Fujayrah'),
(3347, 784, 'Raʼs al Khaymah'),
(3348, 784, 'Ash Shāriqah'),
(3349, 784, 'Umm al Qaywayn'),
(3350, 788, 'Tunis al Janubiyah Wilayat'),
(3351, 788, 'Al Qaşrayn'),
(3352, 788, 'Al Qayrawān'),
(3353, 788, 'Jundūbah'),
(3354, 788, 'Kef'),
(3355, 788, 'Al Mahdīyah'),
(3356, 788, 'Al Munastīr'),
(3357, 788, 'Bājah'),
(3358, 788, 'Banzart'),
(3359, 788, 'Nābul'),
(3360, 788, 'Silyānah'),
(3361, 788, 'Sūsah'),
(3362, 788, 'Bin ‘Arūs'),
(3363, 788, 'Madanīn'),
(3364, 788, 'Qābis'),
(3365, 788, 'Qafşah'),
(3366, 788, 'Qibilī'),
(3367, 788, 'Şafāqis'),
(3368, 788, 'Sīdī Bū Zayd'),
(3369, 788, 'Taţāwīn'),
(3370, 788, 'Tawzar'),
(3371, 788, 'Tūnis'),
(3372, 788, 'Zaghwān'),
(3373, 788, 'Ariana'),
(3374, 788, 'Manouba'),
(3375, 792, 'Adıyaman'),
(3376, 792, 'Afyonkarahisar'),
(3377, 792, 'Ağrı Province'),
(3378, 792, 'Amasya Province'),
(3379, 792, 'Antalya Province'),
(3380, 792, 'Artvin Province'),
(3381, 792, 'Aydın Province'),
(3382, 792, 'Balıkesir Province'),
(3383, 792, 'Bilecik Province'),
(3384, 792, 'Bingöl Province'),
(3385, 792, 'Bitlis Province'),
(3386, 792, 'Bolu Province'),
(3387, 792, 'Burdur Province'),
(3388, 792, 'Bursa'),
(3389, 792, 'Çanakkale Province'),
(3390, 792, 'Çorum Province'),
(3391, 792, 'Denizli Province'),
(3392, 792, 'Diyarbakır'),
(3393, 792, 'Edirne Province'),
(3394, 792, 'Elazığ'),
(3395, 792, 'Erzincan Province'),
(3396, 792, 'Erzurum Province'),
(3397, 792, 'Eskişehir Province'),
(3398, 792, 'Giresun Province'),
(3399, 792, 'Hatay Province'),
(3400, 792, 'Mersin Province'),
(3401, 792, 'Isparta Province'),
(3402, 792, 'Istanbul'),
(3403, 792, 'İzmir'),
(3404, 792, 'Kastamonu Province'),
(3405, 792, 'Kayseri Province'),
(3406, 792, 'Kırklareli Province'),
(3407, 792, 'Kırşehir Province'),
(3408, 792, 'Kocaeli Province'),
(3409, 792, 'Kütahya Province'),
(3410, 792, 'Malatya Province'),
(3411, 792, 'Manisa Province'),
(3412, 792, 'Kahramanmaraş Province'),
(3413, 792, 'Muğla Province'),
(3414, 792, 'Muş Province'),
(3415, 792, 'Nevşehir'),
(3416, 792, 'Ordu'),
(3417, 792, 'Rize'),
(3418, 792, 'Sakarya Province'),
(3419, 792, 'Samsun Province'),
(3420, 792, 'Sinop Province'),
(3421, 792, 'Sivas Province'),
(3422, 792, 'Tekirdağ Province'),
(3423, 792, 'Tokat'),
(3424, 792, 'Trabzon Province'),
(3425, 792, 'Tunceli Province'),
(3426, 792, 'Şanlıurfa Province'),
(3427, 792, 'Uşak Province'),
(3428, 792, 'Van Province'),
(3429, 792, 'Yozgat Province'),
(3430, 792, 'Ankara Province'),
(3431, 792, 'Gümüşhane'),
(3432, 792, 'Hakkâri Province'),
(3433, 792, 'Konya Province'),
(3434, 792, 'Mardin Province'),
(3435, 792, 'Niğde'),
(3436, 792, 'Siirt Province'),
(3437, 792, 'Aksaray Province'),
(3438, 792, 'Batman Province'),
(3439, 792, 'Bayburt'),
(3440, 792, 'Karaman Province'),
(3441, 792, 'Kırıkkale Province'),
(3442, 792, 'Şırnak Province'),
(3443, 792, 'Adana Province'),
(3444, 792, 'Çankırı Province'),
(3445, 792, 'Gaziantep Province'),
(3446, 792, 'Kars'),
(3447, 792, 'Zonguldak'),
(3448, 792, 'Ardahan Province'),
(3449, 792, 'Bartın Province'),
(3450, 792, 'Iğdır Province'),
(3451, 792, 'Karabük'),
(3452, 792, 'Kilis Province'),
(3453, 792, 'Osmaniye Province'),
(3454, 792, 'Yalova Province'),
(3455, 792, 'Düzce'),
(3456, 795, 'Ahal'),
(3457, 795, 'Balkan'),
(3458, 795, 'Daşoguz'),
(3459, 795, 'Lebap'),
(3460, 795, 'Mary'),
(3461, 796, 'Turks and Caicos Islands'),
(3462, 798, 'Tuvalu'),
(3463, 800, 'Eastern Region'),
(3464, 800, 'Northern Region'),
(3465, 800, 'Central Region'),
(3466, 800, 'Western Region'),
(3467, 804, 'Cherkasʼka Oblastʼ'),
(3468, 804, 'Chernihivsʼka Oblastʼ'),
(3469, 804, 'Chernivetsʼka Oblastʼ'),
(3470, 804, 'Dnipropetrovsʼka Oblastʼ'),
(3471, 804, 'Donetsʼka Oblastʼ'),
(3472, 804, 'Ivano-Frankivsʼka Oblastʼ'),
(3473, 804, 'Kharkivsʼka Oblastʼ'),
(3474, 804, 'Kherson Oblast'),
(3475, 804, 'Khmelʼnytsʼka Oblastʼ'),
(3476, 804, 'Kirovohradsʼka Oblastʼ'),
(3477, 804, 'Avtonomna Respublika Krym'),
(3478, 804, 'Misto Kyyiv'),
(3479, 804, 'Kiev Oblast'),
(3480, 804, 'Luhansʼka Oblastʼ'),
(3481, 804, 'Lʼvivsʼka Oblastʼ'),
(3482, 804, 'Mykolayivsʼka Oblastʼ'),
(3483, 804, 'Odessa Oblast'),
(3484, 804, 'Poltava Oblast'),
(3485, 804, 'Rivnensʼka Oblastʼ'),
(3486, 804, 'Misto Sevastopol'),
(3487, 804, 'Sumy Oblast'),
(3488, 804, 'Ternopilʼsʼka Oblastʼ'),
(3489, 804, 'Vinnytsʼka Oblastʼ'),
(3490, 804, 'Volynsʼka Oblastʼ'),
(3491, 804, 'Zakarpatsʼka Oblastʼ'),
(3492, 804, 'Zaporizʼka Oblastʼ'),
(3493, 804, 'Zhytomyrsʼka Oblastʼ'),
(3494, 807, 'Macedonia, The Former Yugoslav Republic of'),
(3495, 807, 'Aračinovo'),
(3496, 807, 'Bač'),
(3497, 807, 'Belčišta'),
(3498, 807, 'Berovo'),
(3499, 807, 'Bistrica'),
(3500, 807, 'Bitola'),
(3501, 807, 'Blatec'),
(3502, 807, 'Bogdanci'),
(3503, 807, 'Opstina Bogomila'),
(3504, 807, 'Bogovinje'),
(3505, 807, 'Bosilovo'),
(3506, 807, 'Brvenica'),
(3507, 807, 'Čair'),
(3508, 807, 'Capari'),
(3509, 807, 'Čaška'),
(3510, 807, 'Čegrana'),
(3511, 807, 'Centar'),
(3512, 807, 'Centar Župa'),
(3513, 807, 'Češinovo'),
(3514, 807, 'Čučer-Sandevo'),
(3515, 807, 'Debar'),
(3516, 807, 'Delčevo'),
(3517, 807, 'Delogoždi'),
(3518, 807, 'Demir Hisar'),
(3519, 807, 'Demir Kapija'),
(3520, 807, 'Dobruševo'),
(3521, 807, 'Dolna Banjica'),
(3522, 807, 'Dolneni'),
(3523, 807, 'Opstina Gjorce Petrov'),
(3524, 807, 'Drugovo'),
(3525, 807, 'Džepčište'),
(3526, 807, 'Gazi Baba'),
(3527, 807, 'Gevgelija'),
(3528, 807, 'Gostivar'),
(3529, 807, 'Gradsko'),
(3530, 807, 'Ilinden'),
(3531, 807, 'Izvor'),
(3532, 807, 'Jegunovce'),
(3533, 807, 'Kamenjane'),
(3534, 807, 'Karbinci'),
(3535, 807, 'Karpoš'),
(3536, 807, 'Kavadarci'),
(3537, 807, 'Kičevo'),
(3538, 807, 'Kisela Voda'),
(3539, 807, 'Klečevce'),
(3540, 807, 'Kočani'),
(3541, 807, 'Konče'),
(3542, 807, 'Kondovo'),
(3543, 807, 'Konopište'),
(3544, 807, 'Kosel'),
(3545, 807, 'Kratovo'),
(3546, 807, 'Kriva Palanka'),
(3547, 807, 'Krivogaštani'),
(3548, 807, 'Kruševo'),
(3549, 807, 'Kukliš'),
(3550, 807, 'Kukurečani'),
(3551, 807, 'Kumanovo'),
(3552, 807, 'Labuništa'),
(3553, 807, 'Opstina Lipkovo'),
(3554, 807, 'Lozovo'),
(3555, 807, 'Lukovo'),
(3556, 807, 'Makedonska Kamenica'),
(3557, 807, 'Makedonski Brod'),
(3558, 807, 'Mavrovi Anovi'),
(3559, 807, 'Mešeišta'),
(3560, 807, 'Miravci'),
(3561, 807, 'Mogila'),
(3562, 807, 'Murtino'),
(3563, 807, 'Negotino'),
(3564, 807, 'Negotino-Pološko'),
(3565, 807, 'Novaci'),
(3566, 807, 'Novo Selo'),
(3567, 807, 'Obleševo'),
(3568, 807, 'Ohrid'),
(3569, 807, 'Orašac'),
(3570, 807, 'Orizari'),
(3571, 807, 'Oslomej'),
(3572, 807, 'Pehčevo'),
(3573, 807, 'Petrovec'),
(3574, 807, 'Plasnica'),
(3575, 807, 'Podareš'),
(3576, 807, 'Prilep'),
(3577, 807, 'Probištip'),
(3578, 807, 'Radoviš'),
(3579, 807, 'Opstina Rankovce'),
(3580, 807, 'Resen'),
(3581, 807, 'Rosoman'),
(3582, 807, 'Opština Rostuša'),
(3583, 807, 'Samokov'),
(3584, 807, 'Saraj'),
(3585, 807, 'Šipkovica'),
(3586, 807, 'Sopište'),
(3587, 807, 'Sopotnica'),
(3588, 807, 'Srbinovo'),
(3589, 807, 'Staravina'),
(3590, 807, 'Star Dojran'),
(3591, 807, 'Staro Nagoričane'),
(3592, 807, 'Štip'),
(3593, 807, 'Struga'),
(3594, 807, 'Strumica'),
(3595, 807, 'Studeničani'),
(3596, 807, 'Šuto Orizari'),
(3597, 807, 'Sveti Nikole'),
(3598, 807, 'Tearce'),
(3599, 807, 'Tetovo'),
(3600, 807, 'Topolčani'),
(3601, 807, 'Valandovo'),
(3602, 807, 'Vasilevo'),
(3603, 807, 'Veles'),
(3604, 807, 'Velešta'),
(3605, 807, 'Vevčani'),
(3606, 807, 'Vinica'),
(3607, 807, 'Vitolište'),
(3608, 807, 'Vraneštica'),
(3609, 807, 'Vrapčište'),
(3610, 807, 'Vratnica'),
(3611, 807, 'Vrutok'),
(3612, 807, 'Zajas'),
(3613, 807, 'Zelenikovo'),
(3614, 807, 'Želino'),
(3615, 807, 'Žitoše'),
(3616, 807, 'Zletovo'),
(3617, 807, 'Zrnovci'),
(3618, 818, 'Ad Daqahlīyah'),
(3619, 818, 'Al Baḩr al Aḩmar'),
(3620, 818, 'Al Buḩayrah'),
(3621, 818, 'Al Fayyūm'),
(3622, 818, 'Al Gharbīyah'),
(3623, 818, 'Alexandria'),
(3624, 818, 'Al Ismā‘īlīyah'),
(3625, 818, 'Al Jīzah'),
(3626, 818, 'Al Minūfīyah'),
(3627, 818, 'Al Minyā'),
(3628, 818, 'Al Qāhirah'),
(3629, 818, 'Al Qalyūbīyah'),
(3630, 818, 'Al Wādī al Jadīd'),
(3632, 818, 'As Suways'),
(3633, 818, 'Aswān'),
(3634, 818, 'Asyūţ'),
(3635, 818, 'Banī Suwayf'),
(3636, 818, 'Būr Sa‘īd'),
(3637, 818, 'Dumyāţ'),
(3638, 818, 'Kafr ash Shaykh'),
(3639, 818, 'Maţrūḩ'),
(3640, 818, 'Qinā'),
(3641, 818, 'Sūhāj'),
(3642, 818, 'Janūb Sīnāʼ'),
(3643, 818, 'Shamāl Sīnāʼ'),
(3644, 818, 'Luxor'),
(3645, 818, 'Helwan'),
(3646, 818, '6th of October'),
(3647, 826, 'England'),
(3648, 826, 'Northern Ireland'),
(3649, 826, 'Scotland'),
(3650, 826, 'Wales'),
(3651, 831, 'Guernsey'),
(3652, 833, 'Isle of Man'),
(3653, 834, 'Arusha'),
(3654, 834, 'Pwani'),
(3655, 834, 'Dodoma'),
(3656, 834, 'Iringa'),
(3657, 834, 'Kigoma'),
(3658, 834, 'Kilimanjaro'),
(3659, 834, 'Lindi'),
(3660, 834, 'Mara'),
(3661, 834, 'Mbeya'),
(3662, 834, 'Morogoro'),
(3663, 834, 'Mtwara'),
(3665, 834, 'Pemba North'),
(3666, 834, 'Ruvuma'),
(3667, 834, 'Shinyanga'),
(3668, 834, 'Singida'),
(3669, 834, 'Tabora'),
(3670, 834, 'Tanga'),
(3671, 834, 'Kagera'),
(3672, 834, 'Pemba South'),
(3673, 834, 'Zanzibar Central/South'),
(3674, 834, 'Zanzibar North'),
(3675, 834, 'Dar es Salaam'),
(3676, 834, 'Rukwa'),
(3677, 834, 'Zanzibar Urban/West'),
(3679, 834, 'Manyara'),
(3680, 840, 'Alaska'),
(3681, 840, 'Alabama'),
(3682, 840, 'Arkansas'),
(3683, 840, 'Arizona'),
(3684, 840, 'California'),
(3685, 840, 'Colorado'),
(3686, 840, 'Connecticut'),
(3687, 840, 'District of Columbia'),
(3688, 840, 'Delaware'),
(3689, 840, 'Florida'),
(3690, 840, 'Georgia'),
(3691, 840, 'Hawaii'),
(3692, 840, 'Iowa'),
(3693, 840, 'Idaho'),
(3694, 840, 'Illinois'),
(3695, 840, 'Indiana'),
(3696, 840, 'Kansas'),
(3697, 840, 'Kentucky'),
(3698, 840, 'Louisiana'),
(3699, 840, 'Massachusetts'),
(3701, 840, 'Maine'),
(3702, 840, 'Michigan'),
(3703, 840, 'Minnesota'),
(3704, 840, 'Missouri'),
(3705, 840, 'Mississippi'),
(3707, 840, 'North Carolina'),
(3708, 840, 'North Dakota'),
(3709, 840, 'Nebraska'),
(3710, 840, 'New Hampshire'),
(3711, 840, 'New Jersey'),
(3712, 840, 'New Mexico'),
(3713, 840, 'Nevada'),
(3714, 840, 'New York'),
(3715, 840, 'Ohio'),
(3716, 840, 'Oklahoma'),
(3717, 840, 'Oregon'),
(3718, 840, 'Pennsylvania'),
(3719, 840, 'Rhode Island'),
(3720, 840, 'South Carolina'),
(3721, 840, 'South Dakota'),
(3722, 840, 'Tennessee'),
(3723, 840, 'Texas'),
(3724, 840, 'Utah'),
(3725, 840, 'Virginia'),
(3726, 840, 'Vermont'),
(3727, 840, 'Washington'),
(3728, 840, 'Wisconsin'),
(3729, 840, 'West Virginia'),
(3730, 840, 'Wyoming'),
(3731, 850, 'Virgin Islands'),
(3732, 854, 'Boucle du Mouhoun'),
(3733, 854, 'Cascades'),
(3735, 854, 'Centre-Est'),
(3736, 854, 'Centre-Nord'),
(3737, 854, 'Centre-Ouest'),
(3738, 854, 'Centre-Sud'),
(3740, 854, 'Hauts-Bassins'),
(3742, 854, 'Plateau-Central'),
(3743, 854, 'Sahel'),
(3744, 854, 'Sud-Ouest'),
(3745, 855, 'Komuna e Deçanit'),
(3746, 855, 'Komuna e Dragashit'),
(3747, 855, 'Komuna e Ferizajt'),
(3748, 855, 'Komuna e Fushë Kosovës'),
(3749, 855, 'Komuna e Gjakovës'),
(3750, 855, 'Komuna e Gjilanit'),
(3751, 855, 'Komuna e Drenasit'),
(3752, 855, 'Komuna e Istogut'),
(3753, 855, 'Komuna e Kaçanikut'),
(3754, 855, 'Komuna e Kamenicës'),
(3755, 855, 'Komuna e Klinës'),
(3756, 855, 'Komuna e Leposaviqit'),
(3757, 855, 'Komuna e Lipjanit'),
(3758, 855, 'Komuna e Malisheves'),
(3759, 855, 'Komuna e Mitrovicës'),
(3760, 855, 'Komuna e Novobërdës'),
(3761, 855, 'Komuna e Obiliqit'),
(3762, 855, 'Komuna e Pejës'),
(3763, 855, 'Komuna e Podujevës'),
(3764, 855, 'Komuna e Prishtinës'),
(3765, 855, 'Komuna e Prizrenit'),
(3766, 855, 'Komuna e Rahovecit'),
(3767, 855, 'Komuna e Shtërpcës'),
(3768, 855, 'Komuna e Shtimes'),
(3769, 855, 'Komuna e Skenderajt'),
(3770, 855, 'Komuna e Thërandës'),
(3771, 855, 'Komuna e Vitisë'),
(3772, 855, 'Komuna e Vushtrrisë'),
(3773, 855, 'Komuna e Zubin Potokut'),
(3774, 855, 'Komuna e Zveçanit'),
(3775, 858, 'Artigas Department'),
(3776, 858, 'Canelones Department'),
(3777, 858, 'Cerro Largo Department'),
(3778, 858, 'Colonia Department'),
(3779, 858, 'Durazno'),
(3780, 858, 'Flores'),
(3781, 858, 'Florida Department'),
(3782, 858, 'Lavalleja Department'),
(3783, 858, 'Maldonado Department'),
(3784, 858, 'Montevideo'),
(3785, 858, 'Paysandú'),
(3787, 858, 'Rivera'),
(3788, 858, 'Rocha'),
(3789, 858, 'Salto'),
(3791, 858, 'Soriano Department'),
(3792, 858, 'Tacuarembó'),
(3793, 858, 'Treinta y Tres'),
(3794, 860, 'Andijon'),
(3795, 860, 'Buxoro'),
(3796, 860, 'Farg ona'),
(3797, 860, 'Xorazm'),
(3798, 860, 'Namangan'),
(3799, 860, 'Navoiy'),
(3800, 860, 'Qashqadaryo'),
(3801, 860, 'Karakalpakstan'),
(3802, 860, 'Samarqand'),
(3803, 860, 'Surxondaryo'),
(3804, 860, 'Toshkent Shahri'),
(3805, 860, 'Toshkent'),
(3806, 860, 'Jizzax'),
(3807, 860, 'Sirdaryo'),
(3809, 862, 'Anzoátegui'),
(3810, 862, 'Apure'),
(3811, 862, 'Aragua'),
(3812, 862, 'Barinas'),
(3814, 862, 'Carabobo'),
(3815, 862, 'Cojedes'),
(3816, 862, 'Delta Amacuro'),
(3818, 862, 'Falcón'),
(3819, 862, 'Guárico'),
(3820, 862, 'Lara'),
(3821, 862, 'Mérida'),
(3822, 862, 'Miranda'),
(3823, 862, 'Monagas'),
(3824, 862, 'Isla Margarita'),
(3825, 862, 'Portuguesa'),
(3827, 862, 'Táchira'),
(3828, 862, 'Trujillo'),
(3829, 862, 'Yaracuy'),
(3830, 862, 'Zulia'),
(3831, 862, 'Dependencias Federales'),
(3832, 862, 'Distrito Capital'),
(3833, 862, 'Vargas'),
(3834, 882, 'A‘ana'),
(3835, 882, 'Aiga-i-le-Tai'),
(3836, 882, 'Atua'),
(3837, 882, 'Fa‘asaleleaga'),
(3838, 882, 'Gaga‘emauga'),
(3839, 882, 'Va‘a-o-Fonoti'),
(3840, 882, 'Gagaifomauga'),
(3841, 882, 'Palauli'),
(3842, 882, 'Satupa‘itea'),
(3843, 882, 'Tuamasaga'),
(3844, 882, 'Vaisigano'),
(3845, 887, 'Abyan'),
(3846, 887, '‘Adan'),
(3847, 887, 'Al Mahrah'),
(3848, 887, 'Ḩaḑramawt'),
(3849, 887, 'Shabwah'),
(3850, 887, 'San’a’'),
(3851, 887, 'Ta’izz'),
(3852, 887, 'Al Ḩudaydah'),
(3853, 887, 'Dhamar'),
(3854, 887, 'Al Maḩwīt'),
(3856, 887, 'Maʼrib'),
(3857, 887, 'Şa‘dah'),
(3858, 887, 'Şan‘āʼ'),
(3859, 887, 'Aḑ Ḑāli‘'),
(3860, 887, 'Omran'),
(3861, 887, 'Al Bayḑāʼ'),
(3863, 887, 'Ḩajjah'),
(3864, 887, 'Ibb'),
(3865, 887, 'Laḩij'),
(3866, 887, 'Ta‘izz'),
(3867, 887, 'Amanat Al Asimah'),
(3868, 887, 'Muḩāfaz̧at Raymah'),
(3869, 891, 'Crna Gora (Montenegro)'),
(3870, 891, 'Srbija (Serbia)'),
(3871, 894, 'North-Western'),
(3872, 894, 'Copperbelt'),
(3878, 894, 'Luapula'),
(3879, 894, 'Lusaka'),
(3880, 372, 'Down'),
(3881, 372, 'Fermanagh'),
(3882, 372, 'Tyrone');

-- --------------------------------------------------------

--
-- Table structure for table `countries`
--

DROP TABLE IF EXISTS `countries`;
CREATE TABLE IF NOT EXISTS `countries` (
  `id` int(10) unsigned NOT NULL,
  `iso` varchar(45) DEFAULT NULL,
  `country` varchar(45) DEFAULT NULL
) ENGINE=InnoDB AUTO_INCREMENT=895 DEFAULT CHARSET=utf8;

--
-- Dumping data for table `countries`
--

INSERT INTO `countries` (`id`, `iso`, `country`) VALUES
(4, 'AF', 'Afghanistan'),
(8, 'AL', 'Albania'),
(10, 'AQ', 'Antarctica'),
(12, 'DZ', 'Algeria'),
(16, 'AS', 'American Samoa'),
(20, 'AD', 'Andorra'),
(24, 'AO', 'Angola'),
(28, 'AG', 'Antigua and Barbuda'),
(31, 'AZ', 'Azerbaijan'),
(32, 'AR', 'Argentina'),
(36, 'AU', 'Australia'),
(40, 'AT', 'Austria'),
(44, 'BS', 'Bahamas'),
(48, 'BH', 'Bahrain'),
(50, 'BD', 'Bangladesh'),
(51, 'AM', 'Armenia'),
(52, 'BB', 'Barbados'),
(56, 'BE', 'Belgium'),
(60, 'BM', 'Bermuda'),
(64, 'BT', 'Bhutan'),
(68, 'BO', 'Bolivia'),
(70, 'BA', 'Bosnia and Herzegovina'),
(72, 'BW', 'Botswana'),
(74, 'BV', 'Bouvet Island'),
(76, 'BR', 'Brazil'),
(84, 'BZ', 'Belize'),
(86, 'IO', 'British Indian Ocean Territory'),
(90, 'SB', 'Solomon Islands'),
(92, 'VG', 'British Virgin Islands'),
(96, 'BN', 'Brunei'),
(100, 'BG', 'Bulgaria'),
(104, 'MM', 'Myanmar'),
(108, 'BI', 'Burundi'),
(112, 'BY', 'Belarus'),
(116, 'KH', 'Cambodia'),
(120, 'CM', 'Cameroon'),
(124, 'CA', 'Canada'),
(132, 'CV', 'Cape Verde'),
(136, 'KY', 'Cayman Islands'),
(140, 'CF', 'Central African Republic'),
(144, 'LK', 'Sri Lanka'),
(148, 'TD', 'Chad'),
(152, 'CL', 'Chile'),
(156, 'CN', 'China'),
(158, 'TW', 'Taiwan'),
(162, 'CX', 'Christmas Island'),
(166, 'CC', 'Cocos Islands'),
(170, 'CO', 'Colombia'),
(174, 'KM', 'Comoros'),
(175, 'YT', 'Mayotte'),
(178, 'CG', 'Republic of the Congo'),
(180, 'CD', 'Democratic Republic of the Congo'),
(184, 'CK', 'Cook Islands'),
(188, 'CR', 'Costa Rica'),
(191, 'HR', 'Croatia'),
(192, 'CU', 'Cuba'),
(196, 'CY', 'Cyprus'),
(203, 'CZ', 'Czech Republic'),
(204, 'BJ', 'Benin'),
(208, 'DK', 'Denmark'),
(212, 'DM', 'Dominica'),
(214, 'DO', 'Dominican Republic'),
(218, 'EC', 'Ecuador'),
(222, 'SV', 'El Salvador'),
(226, 'GQ', 'Equatorial Guinea'),
(231, 'ET', 'Ethiopia'),
(232, 'ER', 'Eritrea'),
(233, 'EE', 'Estonia'),
(234, 'FO', 'Faroe Islands'),
(238, 'FK', 'Falkland Islands'),
(239, 'GS', 'South Georgia and the South Sandwich Islands'),
(242, 'FJ', 'Fiji'),
(246, 'FI', 'Finland'),
(248, 'AX', 'Aland Islands'),
(250, 'FR', 'France'),
(254, 'GF', 'French Guiana'),
(258, 'PF', 'French Polynesia'),
(260, 'TF', 'French Southern Territories'),
(262, 'DJ', 'Djibouti'),
(266, 'GA', 'Gabon'),
(268, 'GE', 'Georgia'),
(270, 'GM', 'Gambia'),
(275, 'PS', 'Palestinian Territory'),
(276, 'DE', 'Germany'),
(288, 'GH', 'Ghana'),
(292, 'GI', 'Gibraltar'),
(296, 'KI', 'Kiribati'),
(300, 'GR', 'Greece'),
(304, 'GL', 'Greenland'),
(308, 'GD', 'Grenada'),
(312, 'GP', 'Guadeloupe'),
(316, 'GU', 'Guam'),
(320, 'GT', 'Guatemala'),
(324, 'GN', 'Guinea'),
(328, 'GY', 'Guyana'),
(332, 'HT', 'Haiti'),
(334, 'HM', 'Heard Island and McDonald Islands'),
(336, 'VA', 'Vatican'),
(340, 'HN', 'Honduras'),
(344, 'HK', 'Hong Kong'),
(348, 'HU', 'Hungary'),
(352, 'IS', 'Iceland'),
(356, 'IN', 'India'),
(360, 'ID', 'Indonesia'),
(364, 'IR', 'Iran'),
(368, 'IQ', 'Iraq'),
(372, 'IE', 'Ireland'),
(376, 'IL', 'Israel'),
(380, 'IT', 'Italy'),
(384, 'CI', 'Ivory Coast'),
(388, 'JM', 'Jamaica'),
(392, 'JP', 'Japan'),
(398, 'KZ', 'Kazakhstan'),
(400, 'JO', 'Jordan'),
(404, 'KE', 'Kenya'),
(408, 'KP', 'North Korea'),
(410, 'KR', 'South Korea'),
(414, 'KW', 'Kuwait'),
(417, 'KG', 'Kyrgyzstan'),
(418, 'LA', 'Laos'),
(422, 'LB', 'Lebanon'),
(426, 'LS', 'Lesotho'),
(428, 'LV', 'Latvia'),
(430, 'LR', 'Liberia'),
(434, 'LY', 'Libya'),
(438, 'LI', 'Liechtenstein'),
(440, 'LT', 'Lithuania'),
(442, 'LU', 'Luxembourg'),
(446, 'MO', 'Macao'),
(450, 'MG', 'Madagascar'),
(454, 'MW', 'Malawi'),
(458, 'MY', 'Malaysia'),
(462, 'MV', 'Maldives'),
(466, 'ML', 'Mali'),
(470, 'MT', 'Malta'),
(474, 'MQ', 'Martinique'),
(478, 'MR', 'Mauritania'),
(480, 'MU', 'Mauritius'),
(484, 'MX', 'Mexico'),
(492, 'MC', 'Monaco'),
(496, 'MN', 'Mongolia'),
(498, 'MD', 'Moldova'),
(499, 'ME', 'Montenegro'),
(500, 'MS', 'Montserrat'),
(504, 'MA', 'Morocco'),
(508, 'MZ', 'Mozambique'),
(512, 'OM', 'Oman'),
(516, 'NA', 'Namibia'),
(520, 'NR', 'Nauru'),
(524, 'NP', 'Nepal'),
(528, 'NL', 'Netherlands'),
(530, 'AN', 'Netherlands Antilles'),
(533, 'AW', 'Aruba'),
(540, 'NC', 'New Caledonia'),
(548, 'VU', 'Vanuatu'),
(554, 'NZ', 'New Zealand'),
(558, 'NI', 'Nicaragua'),
(562, 'NE', 'Niger'),
(566, 'NG', 'Nigeria'),
(570, 'NU', 'Niue'),
(574, 'NF', 'Norfolk Island'),
(578, 'NO', 'Norway'),
(580, 'MP', 'Northern Mariana Islands'),
(581, 'UM', 'United States Minor Outlying Islands'),
(583, 'FM', 'Micronesia'),
(584, 'MH', 'Marshall Islands'),
(585, 'PW', 'Palau'),
(586, 'PK', 'Pakistan'),
(591, 'PA', 'Panama'),
(598, 'PG', 'Papua New Guinea'),
(600, 'PY', 'Paraguay'),
(604, 'PE', 'Peru'),
(608, 'PH', 'Philippines'),
(612, 'PN', 'Pitcairn'),
(616, 'PL', 'Poland'),
(620, 'PT', 'Portugal'),
(624, 'GW', 'Guinea-Bissau'),
(626, 'TL', 'East Timor'),
(630, 'PR', 'Puerto Rico'),
(634, 'QA', 'Qatar'),
(638, 'RE', 'Reunion'),
(642, 'RO', 'Romania'),
(643, 'RU', 'Russia'),
(646, 'RW', 'Rwanda'),
(652, 'BL', 'Saint Barthélemy'),
(654, 'SH', 'Saint Helena'),
(659, 'KN', 'Saint Kitts and Nevis'),
(660, 'AI', 'Anguilla'),
(662, 'LC', 'Saint Lucia'),
(663, 'MF', 'Saint Martin'),
(666, 'PM', 'Saint Pierre and Miquelon'),
(670, 'VC', 'Saint Vincent and the Grenadines'),
(674, 'SM', 'San Marino'),
(678, 'ST', 'Sao Tome and Principe'),
(682, 'SA', 'Saudi Arabia'),
(686, 'SN', 'Senegal'),
(688, 'RS', 'Serbia'),
(690, 'SC', 'Seychelles'),
(694, 'SL', 'Sierra Leone'),
(702, 'SG', 'Singapore'),
(703, 'SK', 'Slovakia'),
(704, 'VN', 'Vietnam'),
(705, 'SI', 'Slovenia'),
(706, 'SO', 'Somalia'),
(710, 'ZA', 'South Africa'),
(716, 'ZW', 'Zimbabwe'),
(724, 'ES', 'Spain'),
(732, 'EH', 'Western Sahara'),
(736, 'SD', 'Sudan'),
(740, 'SR', 'Suriname'),
(744, 'SJ', 'Svalbard and Jan Mayen'),
(748, 'SZ', 'Swaziland'),
(752, 'SE', 'Sweden'),
(756, 'CH', 'Switzerland'),
(760, 'SY', 'Syria'),
(762, 'TJ', 'Tajikistan'),
(764, 'TH', 'Thailand'),
(768, 'TG', 'Togo'),
(772, 'TK', 'Tokelau'),
(776, 'TO', 'Tonga'),
(780, 'TT', 'Trinidad and Tobago'),
(784, 'AE', 'United Arab Emirates'),
(788, 'TN', 'Tunisia'),
(792, 'TR', 'Turkey'),
(795, 'TM', 'Turkmenistan'),
(796, 'TC', 'Turks and Caicos Islands'),
(798, 'TV', 'Tuvalu'),
(800, 'UG', 'Uganda'),
(804, 'UA', 'Ukraine'),
(807, 'MK', 'Macedonia'),
(818, 'EG', 'Egypt'),
(826, 'GB', 'United Kingdom'),
(831, 'GG', 'Guernsey'),
(832, 'JE', 'Jersey'),
(833, 'IM', 'Isle of Man'),
(834, 'TZ', 'Tanzania'),
(840, 'US', 'United States'),
(850, 'VI', 'U.S. Virgin Islands'),
(854, 'BF', 'Burkina Faso'),
(855, 'XK', 'Kosovo'),
(858, 'UY', 'Uruguay'),
(860, 'UZ', 'Uzbekistan'),
(862, 'VE', 'Venezuela'),
(876, 'WF', 'Wallis and Futuna'),
(882, 'WS', 'Samoa'),
(887, 'YE', 'Yemen'),
(891, 'CS', 'Serbia and Montenegro'),
(894, 'ZM', 'Zambia');

-- --------------------------------------------------------

--
-- Table structure for table `towns`
--

DROP TABLE IF EXISTS `towns`;
CREATE TABLE IF NOT EXISTS `towns` (
  `townID` int(10) NOT NULL,
  `countyID` int(10) DEFAULT NULL,
  `townName` varchar(30) DEFAULT NULL
) ENGINE=InnoDB AUTO_INCREMENT=2428 DEFAULT CHARSET=utf8;

--
-- Dumping data for table `towns`
--

INSERT INTO `towns` (`townID`, `countyID`, `townName`) VALUES
(1, 1458, 'Aldergrove'),
(2, 1458, 'Antrim'),
(3, 1458, 'Ballycastle'),
(4, 1458, 'Ballyclare'),
(5, 1458, 'Ballygally'),
(6, 1458, 'Ballymena'),
(7, 1458, 'Ballymoney'),
(8, 1458, 'Belfast'),
(9, 1458, 'Bushmills'),
(10, 1458, 'Carnlough'),
(11, 1458, 'Carrickfergus'),
(12, 1458, 'Crumlin'),
(13, 1458, 'Downpatrick'),
(14, 1458, 'Dunadry'),
(15, 1458, 'Dunmurray'),
(16, 1458, 'Glenavy'),
(17, 1458, 'Hillsborough'),
(18, 1458, 'Larne'),
(19, 1458, 'Lisburn'),
(20, 1458, 'Lurgan'),
(21, 1458, 'Newtownabbey'),
(22, 1458, 'Newtownards'),
(23, 1458, 'Portballintrae'),
(24, 1458, 'Portrush'),
(25, 1458, 'Templepatrick'),
(26, 1460, 'ArmaghTown'),
(27, 1460, 'Craigavon'),
(29, 1460, 'Gilford'),
(30, 1460, 'Killeavy'),
(31, 1460, 'Legacorry'),
(32, 1460, 'Loughgall'),
(33, 1460, 'Markethill'),
(34, 1460, 'Newry'),
(35, 1460, 'Portadown'),
(36, 1460, 'Richhill'),
(37, 1460, 'Tandragee'),
(38, 1433, 'Bagenalstown'),
(39, 1433, 'Ballon'),
(40, 1433, 'Borris'),
(41, 1433, 'CarlowTown'),
(42, 1433, 'Graiguenamanagh'),
(43, 1433, 'Hacketstown'),
(44, 1433, 'Leighlinbridge'),
(45, 1433, 'Myshall'),
(46, 1433, 'Rathvilly'),
(47, 1433, 'Tullow'),
(48, 1434, 'Arva'),
(49, 1434, 'Arvagh'),
(50, 1434, 'Bailieborough'),
(51, 1434, 'Ballinagh'),
(52, 1434, 'Ballyconnell'),
(53, 1434, 'Ballyjamesduff'),
(54, 1434, 'Belturbet'),
(55, 1434, 'Blacklion'),
(56, 1434, 'CavanTown'),
(57, 1434, 'Cootehill'),
(58, 1434, 'Crosskeys'),
(59, 1434, 'Dowra'),
(60, 1434, 'Killeshandra'),
(61, 1434, 'Kilnaleck'),
(62, 1434, 'Kingscourt'),
(63, 1434, 'LoughGowna'),
(64, 1434, 'Mountnugent'),
(65, 1434, 'Mullagh'),
(66, 1434, 'Redhills'),
(67, 1434, 'Shercock'),
(68, 1434, 'Swanlinbar'),
(69, 1434, 'Virginia'),
(70, 1435, 'Ballynacally'),
(71, 1435, 'Ballyvaughan'),
(72, 1435, 'Broadford'),
(73, 1435, 'Bunratty'),
(74, 1435, 'Caher'),
(75, 1435, 'Carrigaholt'),
(76, 1435, 'Carron'),
(77, 1435, 'ClareTown'),
(78, 1435, 'Clarecastle'),
(79, 1435, 'Clifden'),
(80, 1435, 'Clonlara'),
(81, 1435, 'Corofin'),
(82, 1435, 'Cratloe'),
(83, 1435, 'Doolin'),
(84, 1435, 'Doonbeg'),
(85, 1435, 'Ennis'),
(86, 1435, 'Ennistymon'),
(87, 1435, 'Fanore'),
(88, 1435, 'Feakle'),
(89, 1435, 'Kildysart'),
(90, 1435, 'Kilfenora'),
(91, 1435, 'Kilkee'),
(92, 1435, 'Kilkeen'),
(93, 1435, 'Kilkishen'),
(94, 1435, 'Killaloe'),
(95, 1435, 'Kilmihil'),
(96, 1435, 'Kilrush'),
(97, 1435, 'Lahinch'),
(98, 1435, 'Liscannor'),
(99, 1435, 'Lisdoonvarna'),
(100, 1435, 'Lissycasey'),
(101, 1435, 'MiltownMalbay'),
(102, 1435, 'Mountshannon'),
(103, 1435, 'Newmarket-on-Fergus'),
(104, 1435, 'Quin'),
(105, 1435, 'Scariff'),
(106, 1435, 'Shannon'),
(107, 1435, 'Sixmilebridge'),
(108, 1435, 'SpanishPoint'),
(109, 1435, 'Tulla'),
(110, 1435, 'Whitegate'),
(112, 1436, 'Ballincollig'),
(113, 1436, 'Ballineen'),
(114, 1436, 'Ballinhassig'),
(115, 1436, 'Ballinlough'),
(116, 1436, 'Ballinspittle'),
(117, 1436, 'Ballintemple'),
(118, 1436, 'Ballycotton'),
(119, 1436, 'Ballydesmond'),
(120, 1436, 'Ballygarvan'),
(121, 1436, 'Ballyhooly'),
(122, 1436, 'Ballymakeera'),
(123, 1436, 'Ballyphehane'),
(124, 1436, 'Baltimore'),
(125, 1436, 'Bandon'),
(126, 1436, 'Banteer'),
(127, 1436, 'Bantry'),
(128, 1436, 'Beara'),
(129, 1436, 'Belgooly'),
(130, 1436, 'Bishopstown'),
(131, 1436, 'Blackpool'),
(132, 1436, 'Blackrock'),
(133, 1436, 'Blarney'),
(135, 1436, 'Buttevant'),
(136, 1436, 'Carrigaline'),
(137, 1436, 'Carrignavar'),
(138, 1436, 'Carrigrohane'),
(139, 1436, 'Carrigtwohill'),
(140, 1436, 'Castlelyons'),
(141, 1436, 'Castlemartyr'),
(142, 1436, 'Castletownbere'),
(143, 1436, 'Castletownroche'),
(144, 1436, 'Castletownshend'),
(145, 1436, 'Charleville'),
(146, 1436, 'Clonakilty'),
(147, 1436, 'Cloyne'),
(148, 1436, 'Cobh'),
(149, 1436, 'CorkCity'),
(150, 1436, 'Courtmacsherry'),
(151, 1436, 'Crookstown'),
(152, 1436, 'Crosshaven'),
(153, 1436, 'Doneraile'),
(154, 1436, 'Donoughmore'),
(156, 1436, 'Douglas'),
(157, 1436, 'Drimoleague'),
(158, 1436, 'Drinagh'),
(159, 1436, 'Dripsey'),
(160, 1436, 'Dunmanway'),
(161, 1436, 'Durrus'),
(162, 1436, 'Enniskeane'),
(163, 1436, 'Fairhill'),
(164, 1436, 'Farran'),
(165, 1436, 'Fermoy'),
(166, 1436, 'Freemount'),
(167, 1436, 'Glandore'),
(168, 1436, 'Glanmire'),
(169, 1436, 'Glanworth'),
(170, 1436, 'Glengarriff'),
(171, 1436, 'Glounthaune'),
(172, 1436, 'Goleen'),
(173, 1436, 'Grenagh'),
(174, 1436, 'Gurranabraher'),
(175, 1436, 'Inchigeelagh'),
(176, 1436, 'Innishannon'),
(177, 1436, 'Kanturk'),
(178, 1436, 'Kilbrittain'),
(179, 1436, 'Kilcrohane'),
(181, 1436, 'Killeagh'),
(182, 1436, 'Kilworth'),
(183, 1436, 'Kinsale'),
(184, 1436, 'Knocknagree'),
(185, 1436, 'Leap'),
(186, 1436, 'Liscarroll'),
(187, 1436, 'LittleIsland'),
(188, 1436, 'Macroom'),
(189, 1436, 'Mahon'),
(190, 1436, 'MahonPoint'),
(191, 1436, 'Mallow'),
(192, 1436, 'Mayfield'),
(193, 1436, 'Midleton'),
(194, 1436, 'Millstreet'),
(195, 1436, 'Mitchelstown'),
(196, 1436, 'Monkstown'),
(197, 1436, 'Montenotte'),
(198, 1436, 'Myrtleville'),
(199, 1436, 'Newmarket'),
(200, 1436, 'Oysterhaven'),
(201, 1436, 'RathLuirc'),
(202, 1436, 'Rathcormac'),
(203, 1436, 'Rochestown'),
(204, 1436, 'Rosscarbery'),
(205, 1436, 'Schull'),
(206, 1436, 'Shanagarry'),
(207, 1436, 'Shandon'),
(208, 1436, 'Skibbereen'),
(209, 1436, 'Timoleague'),
(210, 1436, 'Tivoli'),
(211, 1436, 'UnionHall'),
(212, 1436, 'Watergrasshill'),
(214, 1436, 'Wilton'),
(215, 1436, 'Youghal'),
(216, 1461, 'Aghadowey'),
(217, 1461, 'Castledawson'),
(218, 1461, 'Castlerock'),
(220, 1461, 'Coleraine'),
(221, 1461, 'DerryCity'),
(222, 1461, 'Limavady'),
(223, 1461, 'Londonderry'),
(224, 1461, 'Maghera'),
(225, 1461, 'Magherafelt'),
(226, 1461, 'Portstewart'),
(227, 1461, 'Swatragh'),
(228, 1437, 'Annagary'),
(229, 1437, 'Ardara'),
(230, 1437, 'ArranmoreIsland'),
(231, 1437, 'Ballintra'),
(232, 1437, 'Ballybofey'),
(233, 1437, 'Ballyliffin'),
(234, 1437, 'Ballyshannon'),
(235, 1437, 'Barnesmore'),
(236, 1437, 'Bridgend'),
(237, 1437, 'Bunbeg'),
(238, 1437, 'Buncrana'),
(239, 1437, 'Bundoran'),
(240, 1437, 'Burnfoot'),
(241, 1437, 'Burtonport'),
(242, 1437, 'Carndonagh'),
(243, 1437, 'Carrick'),
(244, 1437, 'Carrigart'),
(245, 1437, 'Castlefin'),
(246, 1437, 'Cloghan'),
(247, 1437, 'Clonmany'),
(248, 1437, 'Convoy'),
(249, 1437, 'Creeslough'),
(250, 1437, 'Crolly'),
(251, 1437, 'Derrybeg'),
(252, 1437, 'DonegalTown'),
(253, 1437, 'Downings'),
(254, 1437, 'Dunfanaghy'),
(255, 1437, 'Dungloe'),
(256, 1437, 'Dunkineely'),
(257, 1437, 'Fahan'),
(258, 1437, 'Falcarragh'),
(259, 1437, 'Frosses'),
(260, 1437, 'Glencolmcille'),
(261, 1437, 'Glenties'),
(262, 1437, 'Gortahork'),
(263, 1437, 'Greencastle'),
(264, 1437, 'Gweedore'),
(265, 1437, 'Inishowen'),
(266, 1437, 'Inver'),
(267, 1437, 'Kerrykeel'),
(268, 1437, 'Kilcar'),
(269, 1437, 'Killybegs'),
(270, 1437, 'Killygordon'),
(271, 1437, 'Kincasslagh'),
(272, 1437, 'Laghey'),
(273, 1437, 'Leabgarrow'),
(274, 1437, 'Letterkenny'),
(275, 1437, 'Lettermacaward'),
(276, 1437, 'Lifford'),
(277, 1437, 'Malin'),
(278, 1437, 'Milford'),
(279, 1437, 'Mountcharles'),
(280, 1437, 'Moville'),
(281, 1437, 'Muff'),
(282, 1437, 'Newtowncunningham'),
(283, 1437, 'Pettigo'),
(284, 1437, 'Portnablagh'),
(285, 1437, 'Portnoo'),
(286, 1437, 'Portsalon'),
(287, 1437, 'Ramelton'),
(288, 1437, 'Raphoe'),
(289, 1437, 'Rathmullan'),
(290, 1437, 'Redcastle'),
(291, 1437, 'Rossnowlagh'),
(292, 1437, 'Stranorlar'),
(293, 1437, 'Termon'),
(294, 3880, 'Annalong'),
(295, 3880, 'Ardglass'),
(296, 3880, 'Ballynahinch'),
(297, 3880, 'Banbridge'),
(298, 3880, 'Bangor'),
(300, 3880, 'Castlewellan'),
(301, 3880, 'Comber'),
(302, 3880, 'Crawfordsburn'),
(303, 3880, 'Donaghadee'),
(304, 3880, 'Down'),
(306, 3880, 'Dromore'),
(307, 3880, 'Dundrum'),
(309, 3880, 'Groomsport'),
(311, 3880, 'Holywood'),
(312, 3880, 'Killinchy'),
(313, 3880, 'Killyleagh'),
(314, 3880, 'Kircubbin'),
(316, 3880, 'Moira'),
(317, 3880, 'Newcastle'),
(320, 3880, 'Portaferry'),
(321, 3880, 'Portavogie'),
(322, 3880, 'Rostrevor'),
(323, 3880, 'Saintfield'),
(324, 3880, 'Strangford'),
(325, 3880, 'Warrenpoint'),
(327, 1457, 'Artane'),
(329, 1457, 'Balbriggan'),
(330, 1457, 'Baldoyle'),
(331, 1457, 'Ballinteer'),
(332, 1457, 'Ballsbridge'),
(333, 1457, 'Ballybough'),
(334, 1457, 'Ballyfermot'),
(335, 1457, 'Ballygall'),
(336, 1457, 'Ballymun'),
(338, 1457, 'Blanchardstown'),
(339, 1457, 'Booterstown'),
(340, 1457, 'Bray'),
(341, 1457, 'Brittas'),
(342, 1457, 'Cabinteely'),
(343, 1457, 'Cabra'),
(344, 1457, 'Castleknock'),
(345, 1457, 'Chapelizod'),
(346, 1457, 'Churchtown'),
(347, 1457, 'Cloghran'),
(348, 1457, 'Clondalkin'),
(349, 1457, 'Clonee'),
(350, 1457, 'Clonshaugh'),
(351, 1457, 'Clonsilla'),
(352, 1457, 'Clonskeagh'),
(353, 1457, 'Clontarf'),
(354, 1457, 'Coolock'),
(356, 1457, 'Dalkey'),
(357, 1457, 'Deansgrange'),
(358, 1457, 'Dollymount'),
(359, 1457, 'DolphinsBarn'),
(360, 1457, 'Donabate'),
(362, 1457, 'Donnybrook'),
(363, 1457, 'Donnycarney'),
(364, 1457, 'Drimnagh'),
(365, 1457, 'Drumcondra'),
(366, 1457, 'DublinCity'),
(367, 1457, 'DunLaoghaire'),
(369, 1457, 'Fairview'),
(370, 1457, 'Finglas'),
(371, 1457, 'Firhouse'),
(372, 1457, 'Foxrock'),
(373, 1457, 'Garristown'),
(374, 1457, 'Glasnevin'),
(375, 1457, 'Glenageary'),
(376, 1457, 'Goatstown'),
(377, 1457, 'Gormanstown'),
(378, 1457, 'Greystones'),
(379, 1457, 'Howth'),
(380, 1457, 'Inchicore'),
(381, 1457, 'Irishtown'),
(382, 1457, 'Killiney'),
(383, 1457, 'Kilmacanogue'),
(384, 1457, 'Kilmainham'),
(385, 1457, 'Kilternan'),
(386, 1457, 'Kimmage'),
(387, 1457, 'Knocklyon'),
(388, 1457, 'Leixlip'),
(389, 1457, 'Leopardstown'),
(390, 1457, 'Lucan'),
(391, 1457, 'Lusk'),
(392, 1457, 'Malahide'),
(393, 1457, 'Maynooth'),
(395, 1457, 'NaasRoad'),
(397, 1457, 'Palmerstown'),
(398, 1457, 'Phibsboro'),
(399, 1457, 'Portobello'),
(400, 1457, 'Portmarnock'),
(401, 1457, 'Raheny'),
(402, 1457, 'Ranelagh'),
(403, 1457, 'Rathcoole'),
(404, 1457, 'Rathfarnham'),
(406, 1457, 'Rathgar'),
(407, 1457, 'Rathmines'),
(408, 1457, 'Ringsend'),
(409, 1457, 'Rush'),
(411, 1457, 'Saggart'),
(412, 1457, 'Sandycove'),
(413, 1457, 'Sandyford'),
(414, 1457, 'Sandymount'),
(415, 1457, 'Santry'),
(416, 1457, 'Shankill'),
(417, 1457, 'Skerries'),
(418, 1457, 'Stepaside'),
(419, 1457, 'Stillorgan'),
(420, 1457, 'Stoneybatter'),
(421, 1457, 'Sutton'),
(422, 1457, 'Swords'),
(423, 1457, 'Tallaght'),
(424, 1457, 'Templeogue'),
(425, 1457, 'Terenure'),
(426, 1457, 'Tyrrelstown'),
(427, 1457, 'Walkinstown'),
(428, 1457, 'Whitehall'),
(429, 3881, 'Belleek'),
(430, 3881, 'Derrygonnelly'),
(431, 3881, 'Derrylin'),
(432, 3881, 'Enniskillen'),
(433, 3881, 'Florencecourt'),
(434, 3881, 'Garrison'),
(435, 3881, 'Irvinestown'),
(436, 3881, 'Kesh'),
(437, 3881, 'Killadeas'),
(438, 3881, 'Lisbellaw'),
(439, 3881, 'Lisnaskea'),
(440, 1438, 'AranIslands'),
(441, 1438, 'Ardrahan'),
(442, 1438, 'Athenry'),
(443, 1438, 'Ballinasloe'),
(444, 1438, 'Ballybane'),
(445, 1438, 'Ballybrit'),
(446, 1438, 'Ballyconneely'),
(447, 1438, 'Ballymoe'),
(448, 1438, 'Barna'),
(449, 1438, 'Bealadangan'),
(450, 1438, 'Bohermore'),
(452, 1438, 'Carna'),
(453, 1438, 'Carraroe'),
(454, 1438, 'Claregalway'),
(455, 1438, 'Claremorris'),
(456, 1438, 'Clarinbridge'),
(457, 1438, 'Cleggan'),
(459, 1438, 'Clonbur'),
(460, 1438, 'Connemara'),
(461, 1438, 'Cornamona'),
(462, 1438, 'Corrandulla'),
(463, 1438, 'Craughwell'),
(464, 1438, 'Creggs'),
(465, 1438, 'Dunmore'),
(466, 1438, 'Furbo'),
(467, 1438, 'GalwayCity'),
(468, 1438, 'Glenamaddy'),
(469, 1438, 'Gort'),
(470, 1438, 'Headford'),
(471, 1438, 'Inishbofin'),
(472, 1438, 'Inishmore'),
(473, 1438, 'Inverin'),
(474, 1438, 'Kilcolgan'),
(475, 1438, 'Kilronan'),
(476, 1438, 'Kinvara'),
(477, 1438, 'Leenane'),
(478, 1438, 'Letterfrack'),
(479, 1438, 'Loughrea'),
(480, 1438, 'Monivea'),
(481, 1438, 'Mountbellew'),
(482, 1438, 'Moycullen'),
(484, 1438, 'Oranmore'),
(485, 1438, 'Oughterard'),
(486, 1438, 'Portumna'),
(487, 1438, 'Recess'),
(488, 1438, 'Renmore'),
(489, 1438, 'Renvyle'),
(490, 1438, 'Roscahill'),
(491, 1438, 'Roundstone'),
(492, 1438, 'Salthill'),
(493, 1438, 'Shrule'),
(494, 1438, 'Spiddal'),
(495, 1438, 'Tuam'),
(496, 1438, 'Tubber'),
(497, 1438, 'Turloughmore'),
(498, 1438, 'Tynagh'),
(499, 1438, 'Woodford'),
(500, 1438, 'Woodquay'),
(501, 1439, 'Abbeyfeale'),
(502, 1439, 'Annascaul'),
(503, 1439, 'Ardfert'),
(504, 1439, 'Ballinskelligs'),
(505, 1439, 'Ballybunion'),
(506, 1439, 'Ballyferriter'),
(507, 1439, 'Ballyheigue'),
(508, 1439, 'Ballylongford'),
(509, 1439, 'Beaufort'),
(510, 1439, 'Caherdaniel'),
(511, 1439, 'Cahirciveen'),
(513, 1439, 'Castleisland'),
(514, 1439, 'Castlemaine'),
(515, 1439, 'Causeway'),
(516, 1439, 'Dingle'),
(517, 1439, 'Farranfore'),
(518, 1439, 'Fenit'),
(519, 1439, 'Glenbeigh'),
(521, 1439, 'Inch'),
(522, 1439, 'Kenmare'),
(523, 1439, 'KerryTown'),
(524, 1439, 'Kilgarvan'),
(525, 1439, 'Killarney'),
(526, 1439, 'Killorglin'),
(527, 1439, 'Listowel'),
(528, 1439, 'Lixnaw'),
(529, 1439, 'Milltown'),
(530, 1439, 'Portmagee'),
(531, 1439, 'Rathmore'),
(532, 1439, 'Sneem'),
(533, 1439, 'Tarbert'),
(534, 1439, 'Tralee'),
(535, 1439, 'ValentiaIsland'),
(536, 1439, 'Waterville'),
(537, 1440, 'Athy'),
(538, 1440, 'Ballybrack'),
(539, 1440, 'BallymoreEustace'),
(540, 1440, 'Carbury'),
(541, 1440, 'Castledermot'),
(542, 1440, 'Celbridge'),
(543, 1440, 'Clane'),
(544, 1440, 'Curragh'),
(545, 1440, 'Johnstown'),
(546, 1440, 'Kilcock'),
(547, 1440, 'Kilcullen'),
(548, 1440, 'KildareTown'),
(549, 1440, 'Kill'),
(552, 1440, 'Monasterevin'),
(553, 1440, 'Moone'),
(554, 1440, 'Moyvalley'),
(555, 1440, 'Naas'),
(558, 1440, 'Newbridge'),
(559, 1440, 'Prosperous'),
(560, 1440, 'Rathangan'),
(561, 1440, 'Sallins'),
(562, 1440, 'Straffan'),
(563, 1440, 'Tully'),
(564, 1441, 'Ballyhale'),
(565, 1441, 'Ballyragget'),
(566, 1441, 'Bennettsbridge'),
(567, 1441, 'Callan'),
(568, 1441, 'Castlecomer'),
(570, 1441, 'Freshford'),
(571, 1441, 'Goresbridge'),
(572, 1441, 'Gowran'),
(574, 1441, 'Hugginstown'),
(575, 1441, 'Inistioge'),
(577, 1441, 'Kells'),
(578, 1441, 'KilkennyCity'),
(579, 1441, 'Kilmacow'),
(580, 1441, 'Maddoxtown'),
(581, 1441, 'Mullinavat'),
(582, 1441, 'Paulstown'),
(583, 1441, 'Piltown'),
(584, 1441, 'Stoneyford'),
(585, 1441, 'Thomastown'),
(586, 1441, 'Tullaroan'),
(587, 1441, 'Urlingford'),
(588, 1443, 'Abbeyleix'),
(589, 1443, 'Ballacolla'),
(590, 1443, 'Ballickmoyler'),
(591, 1443, 'Ballinakill'),
(592, 1443, 'Ballybrittas'),
(593, 1443, 'Borris-in-Ossory'),
(594, 1443, 'Coolrain'),
(595, 1443, 'Durrow'),
(596, 1443, 'Mountmellick'),
(597, 1443, 'Mountrath'),
(598, 1443, 'Portarlington'),
(599, 1443, 'Portlaoise'),
(600, 1443, 'Rathdowney'),
(601, 1443, 'Stradbally'),
(602, 1442, 'Ballinaglera'),
(603, 1442, 'Ballinamore'),
(604, 1442, 'Carrick-on-Shannon'),
(605, 1442, 'Carrigallen'),
(606, 1442, 'Cloone'),
(607, 1442, 'Cootehall'),
(608, 1442, 'Dromahair'),
(609, 1442, 'Dromod'),
(610, 1442, 'Drumkeeran'),
(611, 1442, 'Drumshanbo'),
(612, 1442, 'Drumsna'),
(613, 1442, 'Fenagh'),
(614, 1442, 'Glenfarne'),
(615, 1442, 'Keshcarrigan'),
(616, 1442, 'Kiltyclogher'),
(617, 1442, 'Kinlough'),
(618, 1442, 'LeitrimTown'),
(619, 1442, 'Manorhamilton'),
(620, 1442, 'Mohill'),
(621, 1442, 'Rooskey'),
(622, 1442, 'Tullaghan'),
(667, 1445, 'Abbeylara'),
(668, 1445, 'Aughnacliffe'),
(669, 1445, 'Ballinalee'),
(670, 1445, 'Ballymahon'),
(671, 1445, 'Clondra'),
(672, 1445, 'Drumlish'),
(673, 1445, 'Edgeworthstown'),
(674, 1445, 'Granard'),
(675, 1445, 'Kenagh'),
(676, 1445, 'Lanesborough'),
(677, 1445, 'LongfordTown'),
(678, 1445, 'Newtowncashel'),
(679, 1445, 'Newtownforbes'),
(680, 1445, 'Tarmonbarry'),
(681, 1446, 'Ardee'),
(683, 1446, 'Carlingford'),
(684, 1446, 'Castlebellingham'),
(685, 1446, 'Clogherhead'),
(686, 1446, 'Collon'),
(687, 1446, 'Drogheda'),
(688, 1446, 'Drumconrath'),
(689, 1446, 'Duleek'),
(690, 1446, 'Dundalk'),
(691, 1446, 'Dunleer'),
(692, 1446, 'Laytown'),
(693, 1446, 'LouthVillage'),
(694, 1446, 'Omeath'),
(695, 1446, 'Termonfeckin'),
(696, 1446, 'Togher'),
(698, 1447, 'Achill'),
(699, 1447, 'AchillIsland'),
(700, 1447, 'AchillSound'),
(701, 1447, 'Balla'),
(702, 1447, 'Ballina'),
(703, 1447, 'Ballindine'),
(704, 1447, 'Ballinrobe'),
(706, 1447, 'Ballyhaunis'),
(707, 1447, 'Ballyvary'),
(708, 1447, 'Belmullet'),
(709, 1447, 'Castlebar'),
(710, 1447, 'Charlestown'),
(712, 1447, 'Cong'),
(713, 1447, 'Crossmolina'),
(714, 1447, 'Enniscrone'),
(715, 1447, 'Erris'),
(716, 1447, 'Foxford'),
(717, 1447, 'Hollymount'),
(718, 1447, 'Inniscrone'),
(719, 1447, 'Kilkelly'),
(720, 1447, 'Killala'),
(721, 1447, 'Kiltimagh'),
(722, 1447, 'Knock'),
(723, 1447, 'LeisurePoint'),
(724, 1447, 'Louisburgh'),
(726, 1447, 'Newport'),
(727, 1447, 'Swinford'),
(728, 1447, 'Tourmakeady'),
(729, 1447, 'Westport'),
(755, 1449, 'Ballybay'),
(756, 1449, 'Carrickmacross'),
(757, 1449, 'Castleblayney'),
(758, 1449, 'Clones'),
(760, 1449, 'Clontibret'),
(761, 1449, 'Coolshannagh'),
(762, 1449, 'Emyvale'),
(763, 1449, 'Glaslough'),
(764, 1449, 'MonaghanTown'),
(765, 1449, 'Newbliss'),
(766, 1449, 'Rockcorry'),
(767, 1449, 'Scotstown'),
(768, 1449, 'Smithborough'),
(769, 1450, 'Banagher'),
(771, 1450, 'Birr'),
(772, 1450, 'Clara'),
(774, 1450, 'Daingean'),
(775, 1450, 'Edenderry'),
(776, 1450, 'Ferbane'),
(777, 1450, 'Geashill'),
(778, 1450, 'Kilcormac'),
(779, 1450, 'Kinnitty'),
(780, 1450, 'Rhode'),
(781, 1450, 'Shannonbridge'),
(782, 1450, 'Shinrone'),
(783, 1450, 'Tullamore'),
(784, 1451, 'Athleague'),
(785, 1451, 'Ballaghaderreen'),
(786, 1451, 'Ballinagare'),
(788, 1451, 'Ballygar'),
(789, 1451, 'Ballymurray'),
(790, 1451, 'Boyle'),
(791, 1451, 'Castlecoote'),
(792, 1451, 'Castlerea'),
(793, 1451, 'Elphin'),
(794, 1451, 'Frenchpark'),
(795, 1451, 'Knockcroghery'),
(796, 1451, 'RoscommonTown'),
(798, 1451, 'Strokestown'),
(800, 1451, 'Tulsk'),
(801, 1452, 'Aclare'),
(802, 1452, 'Ballintogher'),
(803, 1452, 'Ballisodare'),
(804, 1452, 'Ballymote'),
(805, 1452, 'Beltra'),
(806, 1452, 'Carney'),
(807, 1452, 'Castlebaldwin'),
(808, 1452, 'Cliffoney'),
(809, 1452, 'Collooney'),
(810, 1452, 'Coolaney'),
(812, 1452, 'Drumcliffe'),
(813, 1452, 'Easkey'),
(815, 1452, 'Grange'),
(816, 1452, 'Gurteen'),
(818, 1452, 'Mullaghmore'),
(820, 1452, 'Riverstown'),
(821, 1452, 'RossesPoint'),
(822, 1452, 'SligoTown'),
(823, 1452, 'Strandhill'),
(824, 1452, 'Templeboy'),
(825, 1452, 'Tubbercurry'),
(826, 1458, 'Aherlow'),
(827, 1458, 'Ardfinnan'),
(828, 1458, 'Ballymacarberry'),
(829, 1458, 'Ballyporeen'),
(830, 1458, 'Bansha'),
(831, 1458, 'Borrisokane'),
(832, 1458, 'Borrisoleigh'),
(833, 1458, 'Cahir'),
(835, 1458, 'Cappawhite'),
(836, 1458, 'Carrick-on-Suir'),
(837, 1458, 'Cashel'),
(838, 1458, 'Clogheen'),
(839, 1458, 'Clonmel'),
(840, 1458, 'Clonoulty'),
(841, 1458, 'Cloughjordan'),
(843, 1458, 'Emly'),
(844, 1458, 'Fethard'),
(845, 1458, 'Galbally'),
(846, 1458, 'Golden'),
(847, 1458, 'Holycross'),
(848, 1458, 'Killenaule'),
(849, 1458, 'Kilsheelan'),
(850, 1458, 'Moyne'),
(851, 1458, 'Mullinahone'),
(852, 1458, 'Nenagh'),
(854, 1458, 'Portroe'),
(855, 1458, 'Roscrea'),
(856, 1458, 'Templederry'),
(857, 1458, 'Templemore'),
(858, 1458, 'Thurles'),
(859, 1458, 'TipperaryTown'),
(860, 1458, 'Toomevara'),
(861, 3882, 'Augher'),
(862, 3882, 'Aughnacloy'),
(863, 3882, 'Ballygawley'),
(864, 3882, 'Clogher'),
(865, 3882, 'Cookstown'),
(866, 3882, 'Dungannon'),
(867, 3882, 'Gortin'),
(868, 3882, 'Moygashel'),
(869, 3882, 'Omagh'),
(870, 1453, 'Ardmore'),
(872, 1453, 'Ballybricken'),
(873, 1453, 'Ballyduff'),
(874, 1453, 'Ballymacarbry'),
(875, 1453, 'Barronstrand'),
(876, 1453, 'Bonmahon'),
(877, 1453, 'Cappagh'),
(878, 1453, 'Cappoquin'),
(880, 1453, 'Cheekpoint'),
(881, 1453, 'Dungarvan'),
(882, 1453, 'DunmoreEast'),
(883, 1453, 'Ferrybank'),
(884, 1453, 'Grannagh'),
(885, 1453, 'Kilcohan'),
(887, 1453, 'Kilmacthomas'),
(888, 1453, 'Kilmeaden'),
(889, 1453, 'Knockboy'),
(890, 1453, 'Lisduggan'),
(891, 1453, 'Lismore'),
(892, 1453, 'Mooncoin'),
(894, 1453, 'PassageEast'),
(895, 1453, 'Portlaw'),
(896, 1453, 'Slieverue'),
(898, 1453, 'Tallow'),
(899, 1453, 'Tramore'),
(900, 1453, 'WaterfordCity'),
(901, 1454, 'Athlone'),
(902, 1454, 'Ballynacargy'),
(903, 1454, 'Castlepollard'),
(904, 1454, 'Clonmellon'),
(905, 1454, 'Collinstown'),
(906, 1454, 'Delvin'),
(907, 1454, 'Kilbeggan'),
(908, 1454, 'Killucan'),
(909, 1454, 'Kinnegad'),
(910, 1454, 'Moate'),
(911, 1454, 'Mullingar'),
(912, 1454, 'Multyfarnham'),
(913, 1454, 'Rathowen'),
(914, 1454, 'Rochfortbridge'),
(916, 1455, 'Arthurstown'),
(917, 1455, 'Ballycogley'),
(918, 1455, 'Barntown'),
(920, 1455, 'Broadway'),
(921, 1455, 'Bunclody'),
(922, 1455, 'Camolin'),
(923, 1455, 'Campile'),
(924, 1455, 'Carne'),
(925, 1455, 'Carrig-on-Bannow'),
(926, 1455, 'Castlebridge'),
(927, 1455, 'Clonroche'),
(928, 1455, 'Courtown'),
(929, 1455, 'Curracloe'),
(931, 1455, 'Duncannon'),
(932, 1455, 'Duncormick'),
(933, 1455, 'Enniscorthy'),
(935, 1455, 'Ferns'),
(936, 1455, 'Ferrycarrig'),
(937, 1455, 'Foulksmills'),
(939, 1455, 'Gorey'),
(940, 1455, 'Killinick'),
(941, 1455, 'KilmoreQuay'),
(942, 1455, 'Kilmuckridge'),
(943, 1455, 'Murrintown'),
(944, 1455, 'NewRoss'),
(945, 1455, 'Newbawn'),
(946, 1455, 'Oylegate'),
(947, 1455, 'Rosslare'),
(948, 1455, 'RosslareHarbour'),
(949, 1455, 'Taghmon'),
(950, 1455, 'WexfordTown'),
(953, 1438, 'Aughrim'),
(979, 1457, 'Dublin15'),
(981, 1454, 'Glasson'),
(982, 1457, 'CityCentre'),
(985, 1457, 'FinglasWest'),
(986, 1457, 'FinglasEast'),
(991, 1441, 'DrakelandsLower'),
(992, 1452, 'Curry'),
(994, 1457, 'Harold''sCross'),
(996, 1436, 'Killavullen'),
(998, 1443, 'Ballyroan'),
(999, 1450, 'Killeigh'),
(1000, 1455, 'Bridgetown'),
(1001, 1435, 'Ardnacrusha'),
(1002, 1436, 'Ballydehob'),
(1004, 1436, 'DillonsCross'),
(1005, 1436, 'Coachford'),
(1006, 1439, 'Ballydavid'),
(1008, 1433, 'Ardattin'),
(1009, 1457, 'Dartry'),
(1010, 1439, 'Castlegregory'),
(1011, 1438, 'Castlegar'),
(1014, 1434, 'Crosserlough'),
(1015, 1434, 'Kilcogy'),
(1016, 1436, 'TheLough'),
(1020, 1441, 'Greensbridge'),
(1021, 1436, 'Rylane'),
(1022, 1457, 'Darndale'),
(1023, 1436, 'Kenneigh'),
(1025, 1458, 'Kilross'),
(1026, 1447, 'Kilmovee'),
(1031, 1451, 'FourMileHouse'),
(1032, 1457, 'Greenhills'),
(1033, 1452, 'Culleens'),
(1035, 1457, 'Belgard'),
(1036, 1435, 'BellHarbour'),
(1037, 1436, 'Boherbue'),
(1038, 1457, 'Dean''sGrange'),
(1040, 1441, 'Greenshill'),
(1042, 1458, 'Birdhill'),
(1047, 1442, 'Annaduff'),
(1049, 1433, 'Staplestown'),
(1050, 1436, 'CarraignabhFear'),
(1051, 1457, 'Poppintree'),
(1054, 1436, 'Deerpark'),
(1056, 1453, 'Kilrossanty'),
(1057, 1445, 'Clonrollagh'),
(1058, 1436, 'Curraheen'),
(1059, 1457, 'Ayrfield'),
(1061, 1433, 'Crettyard'),
(1062, 1454, 'Raharney'),
(1064, 1452, 'Ballincar'),
(1065, 1453, 'Carrignagour'),
(1066, 1440, 'Suncroft'),
(1067, 1455, 'Crossabeg'),
(1068, 3880, 'Mayobridge'),
(1070, 1453, 'Gracedieu'),
(1073, 1450, 'Coolderry'),
(1075, 1457, 'Beaumont'),
(1076, 1457, 'Oldtown'),
(1077, 1450, 'Clonbullogue'),
(1079, 1438, 'Bushypark'),
(1080, 1438, 'Rahoon'),
(1081, 1455, 'Ballygarrett'),
(1082, 1438, 'Maam'),
(1087, 1441, 'Bonnettsrath'),
(1088, 1433, 'MuineBheag'),
(1089, 1457, 'Dublin9'),
(1090, 1441, 'Loughboy'),
(1091, 1457, 'Hollystown'),
(1092, 1433, 'Killeshin'),
(1094, 1457, 'Dublin12'),
(1095, 1440, 'Robertstown'),
(1096, 1439, 'Ventry'),
(1097, 1436, 'Glantane'),
(1098, 1457, 'Dublin7'),
(1099, 1457, 'EastWall'),
(1100, 1436, 'Sunday''sWell'),
(1101, 1436, 'Ringaskiddy'),
(1104, 1436, 'Ballingeary'),
(1107, 1457, 'Perrystown'),
(1109, 1452, 'Castleconnor'),
(1110, 1457, 'Sallynoggin'),
(1111, 1440, 'Nurney'),
(1113, 1457, 'Dublin8'),
(1114, 1454, 'Tyrrellspass'),
(1115, 1457, 'Kinsealy'),
(1116, 1453, 'Clashmore'),
(1117, 1436, 'Ballyhea'),
(1121, 1438, 'Mervue'),
(1122, 1451, 'Fuerty'),
(1123, 1453, 'UpperJohnstown'),
(1124, 1436, 'Ballinacurra'),
(1125, 1443, 'Emo'),
(1126, 1436, 'TurnersCross'),
(1128, 1436, 'Adrigole'),
(1129, 1435, 'KilmurryMcMahon'),
(1130, 1436, 'Shanakiel'),
(1131, 1457, 'Dublin14'),
(1132, 1435, 'Parteen'),
(1134, 1441, 'Tennypark'),
(1135, 1457, 'MountMerrion'),
(1136, 1452, 'Kilglass'),
(1137, 1454, 'CastletownGeoghegan'),
(1139, 1457, 'Dublin4'),
(1140, 1452, 'Tourlestrane'),
(1141, 1457, 'Kilmacud'),
(1143, 1457, 'TheCoombe'),
(1144, 1436, 'Haulbowline'),
(1145, 1457, 'Dublin6'),
(1146, 1457, 'Dublin2'),
(1147, 1439, 'Moyvane'),
(1148, 1454, 'Derrymore'),
(1150, 1436, 'MinaneBridge'),
(1151, 1450, 'Ballinahown'),
(1152, 1436, 'Crossbarry'),
(1154, 1436, 'Newcestown'),
(1155, 1454, 'Ballymore'),
(1156, 1452, 'Carrowmore'),
(1157, 1457, 'Marino'),
(1158, 1436, 'Farranree'),
(1159, 1445, 'Abbeyshrule'),
(1162, 1436, 'Aherla'),
(1163, 1445, 'Coolarty'),
(1165, 1441, 'Kilmoganny'),
(1167, 1434, 'Kilmainhamwood'),
(1168, 1458, 'Randalstown'),
(1170, 1457, 'Dublin3'),
(1171, 1436, 'Inniscarra'),
(1172, 1436, 'Kealkill'),
(1173, 1457, 'Killester'),
(1174, 1455, 'Bannow'),
(1175, 1443, 'Camross'),
(1176, 1436, 'Kiskeam'),
(1177, 1438, 'Killimor'),
(1178, 1439, 'Asdee'),
(1180, 1457, 'Mulhuddart'),
(1181, 1443, 'Clonaslee'),
(1182, 1453, 'Dunhill'),
(1183, 1445, 'Moydow'),
(1184, 1440, 'Ardclough'),
(1185, 1433, 'St.Mullins'),
(1186, 1435, 'Kilnaboy'),
(1187, 1436, 'Knocknaheeny'),
(1191, 1435, 'O''CallaghansMills'),
(1192, 1457, 'SuttonCross'),
(1193, 1438, 'Knocknacarra'),
(1195, 1436, 'Aghinagh'),
(1196, 1457, 'Dublin18'),
(1197, 1436, 'Berrings'),
(1200, 1435, 'Kilmaley'),
(1201, 1452, 'Rathlee'),
(1202, 1457, 'Dublin11'),
(1204, 1457, 'OldBawn'),
(1207, 1457, 'CabraWest'),
(1208, 1438, 'Williamstown'),
(1210, 1458, 'Killoscully'),
(1211, 1457, 'Dublin1'),
(1212, 1436, 'Patrick''sHill'),
(1213, 1440, 'Caragh'),
(1214, 1457, 'Dublin16'),
(1215, 1451, 'Donamon'),
(1216, 1441, 'Muckalee'),
(1217, 1457, 'Foxhill'),
(1219, 1457, 'Bluebell'),
(1223, 1457, 'FinglasSouth'),
(1224, 1436, 'Ardgroom'),
(1225, 1450, 'Blueball'),
(1226, 1454, 'Rosemount'),
(1227, 1457, 'Ballyboughal'),
(1228, 1433, 'Bennekerry'),
(1231, 1457, 'TheWard'),
(1232, 1457, 'Pimlico'),
(1234, 1436, 'Kildinan'),
(1235, 1457, 'Priorswood'),
(1237, 1440, 'Donadea'),
(1239, 1436, 'Kilcorney'),
(1240, 1445, 'Mostrim'),
(1241, 1436, 'Castlemagner'),
(1242, 1436, 'Conna'),
(1243, 1435, 'Cree'),
(1245, 1436, 'Glasheen'),
(1246, 1451, 'MountTalbot'),
(1248, 1452, 'Ballinode'),
(1249, 1453, 'GrangeLawn'),
(1250, 1441, 'Kilderry'),
(1252, 1436, 'Silversprings'),
(1254, 1452, 'AughamoreNear'),
(1255, 1434, 'Drumard'),
(1256, 1436, 'Corkbeg'),
(1257, 1438, 'Ballyglunin'),
(1258, 1450, 'Cloneygowan'),
(1259, 1436, 'Ballymacoda'),
(1260, 1436, 'PassageWest'),
(1264, 1457, 'NavanRoad'),
(1265, 1457, 'Islandbridge'),
(1266, 1453, 'Woodstown'),
(1267, 1436, 'Ballyvolane'),
(1268, 1447, 'TheNeale'),
(1269, 1439, 'Gneeveguilla'),
(1270, 1457, 'Jobstown'),
(1271, 1457, 'Dublin5'),
(1272, 1457, 'Ballyogan'),
(1273, 1443, 'Timahoe'),
(1275, 1438, 'BallinamoreBridge'),
(1278, 1458, 'NorthBelfast'),
(1279, 1457, 'GlasnevinNorth'),
(1280, 1436, 'Burnfort'),
(1281, 1436, 'Banduff'),
(1282, 1438, 'Caherlistrane'),
(1284, 1445, 'Ardagh'),
(1285, 1445, 'Dring'),
(1286, 1436, 'Knockavullig'),
(1288, 1436, 'Dungourney'),
(1291, 1457, 'Edenmore'),
(1294, 1453, 'Ring'),
(1295, 1438, 'Eyrecourt'),
(1297, 1457, 'Glasthule'),
(1299, 1439, 'Glencar'),
(1300, 1440, 'Kilberry'),
(1301, 1457, 'Ballyboden'),
(1303, 1457, 'Ashtown'),
(1304, 1457, 'Glencullen'),
(1306, 1436, 'BereIsland'),
(1307, 1436, 'Coolea'),
(1309, 1446, 'Greenore'),
(1310, 1439, 'Scartaglen'),
(1311, 1457, 'LansdownePark'),
(1313, 3882, 'Strabane'),
(1316, 1441, 'Skeoughvasteen'),
(1318, 1435, 'Meelick'),
(1320, 1436, 'Farnanes'),
(1321, 1451, 'Dysart'),
(1322, 1445, 'Aghadegnan'),
(1323, 1435, 'Malbay'),
(1324, 1457, 'Springfield'),
(1325, 1443, 'Errill'),
(1326, 1439, 'Knocknagoshel'),
(1327, 1438, 'Annaghdown'),
(1329, 1442, 'Aughacashel'),
(1330, 1436, 'Inchigeela'),
(1331, 1436, 'Ladysbridge'),
(1332, 1436, 'WhitesCross'),
(1333, 1436, 'Newtownshandrum'),
(1334, 1458, 'Donohill'),
(1335, 1436, 'Ballinagree'),
(1336, 1457, 'Bohernabreena'),
(1337, 1453, 'Cherrymount'),
(1340, 1434, 'Alacken'),
(1341, 1452, 'Knocknahur'),
(1342, 1447, 'Bohola'),
(1345, 1441, 'Fiddown'),
(1346, 1451, 'Lanesboro'),
(1347, 1458, 'Terryglass'),
(1348, 1441, 'Ballyouskill'),
(1349, 1445, 'Knockloughlin'),
(1350, 1451, 'ArdsallaghWoods'),
(1352, 1436, 'Kildorrery'),
(1353, 1440, 'TheCurragh'),
(1354, 1457, 'Kilbarrack'),
(1355, 1438, 'Shantalla'),
(1356, 1433, 'Graiguecullen'),
(1357, 1457, 'Dublin13'),
(1358, 1436, 'Rossmore'),
(1359, 1436, 'Ballinascarthy'),
(1360, 1457, 'Balgriffin'),
(1361, 1441, 'Danesfort'),
(1363, 1438, 'Costelloe'),
(1364, 1433, 'Kilmeaney'),
(1365, 1436, 'Glenville'),
(1366, 1436, 'Killumney'),
(1367, 1453, 'Faithlegg'),
(1369, 1438, 'Menlo'),
(1371, 1453, 'LowerNewtown'),
(1372, 1455, 'Kilrane'),
(1373, 1436, 'Umeraboy'),
(1374, 1440, 'Kilmeague'),
(1378, 1438, 'Peterswell'),
(1379, 1441, 'Carrigeen'),
(1380, 1441, 'Ballycallan'),
(1381, 1441, 'Jenkinstown'),
(1382, 1435, 'Tullycrine'),
(1384, 1457, 'EdenmorePark'),
(1385, 1433, 'Tinryland'),
(1386, 1440, 'Rathcoffey'),
(1388, 1458, 'Hollyford'),
(1389, 1452, 'Knocknarea'),
(1390, 1453, 'Touraneena'),
(1391, 1441, 'Tullogher'),
(1393, 1438, 'Kilcornan'),
(1394, 1436, 'Strawberryhill'),
(1395, 1433, 'Kildavin'),
(1396, 1454, 'Streete'),
(1397, 1439, 'Duagh'),
(1398, 1439, 'AbbeyfealePO'),
(1399, 1435, 'Ballinruan'),
(1400, 1436, 'Ovens'),
(1402, 1436, 'Kilnamartyra'),
(1403, 1457, 'KilmoreWest'),
(1404, 1455, 'Coolcotts'),
(1405, 1457, 'Rialto'),
(1406, 1433, 'Bilboa'),
(1408, 1438, 'Ballinafad'),
(1409, 1436, 'Knockraha'),
(1410, 1436, 'Nohoval'),
(1412, 1447, 'ClareIsland'),
(1413, 1435, 'Cranny'),
(1414, 1453, 'Ballinaneashagh'),
(1415, 1441, 'Cuffesgrange'),
(1416, 1441, 'Glenmore'),
(1419, 1440, 'Kildangan'),
(1420, 1457, 'Harmonstown'),
(1422, 1442, 'Bornacoola'),
(1423, 1436, 'Rockchapel'),
(1425, 1447, 'Turlough'),
(1427, 1451, 'Scramogue'),
(1428, 1457, 'Portrane'),
(1429, 3880, 'Kilkeel'),
(1430, 1436, 'Araglin'),
(1431, 1438, 'Kingston'),
(1432, 1441, 'Coolagh'),
(1434, 1453, 'Ballybeg'),
(1435, 1458, 'Grantstown'),
(1436, 1458, 'GlenofAherlow'),
(1439, 1457, 'ArbourHill'),
(1441, 1441, 'Windgap'),
(1442, 1457, 'Bayside'),
(1443, 1453, 'Viewmount'),
(1444, 1454, 'Finea'),
(1445, 1438, 'MaamCross'),
(1448, 1445, 'Moyvore'),
(1449, 1458, 'Lorrha'),
(1450, 1445, 'Legan'),
(1451, 1450, 'Moneygall'),
(1452, 1452, 'Tonaphubble'),
(1453, 1439, 'Lisselton'),
(1454, 1436, 'Castlefreke'),
(1456, 1457, 'Fettercairn'),
(1462, 1455, 'Ardcavan'),
(1463, 1453, 'Aglish'),
(1466, 1433, 'Rathnapish'),
(1467, 1434, 'Loughduff'),
(1468, 1458, 'LimerickJunction'),
(1469, 1455, 'Fethard-on-Sea'),
(1470, 1436, 'Shanballymore'),
(1472, 1451, 'Kilrooskey'),
(1473, 1442, 'Aughavas'),
(1474, 1436, 'Waterfall'),
(1475, 1436, 'Kilbrin'),
(1476, 1439, 'Abbeydorney'),
(1477, 1436, 'Reenascreena'),
(1479, 1453, 'BallyduffUpper'),
(1480, 3880, 'Crossgar'),
(1481, 1434, 'Crossdoney'),
(1482, 1436, 'Aghabullogue'),
(1483, 1433, 'OldLeighlin'),
(1484, 1436, 'Ballyvourney'),
(1485, 1451, 'Derrane'),
(1486, 1453, 'FarranPark'),
(1487, 1441, 'Threecastles'),
(1488, 1433, 'Pembroke'),
(1489, 1445, 'Killoe'),
(1490, 1434, 'Crubany'),
(1491, 1438, 'LowerSalthill'),
(1492, 1453, 'Ballinamult'),
(1493, 1452, 'Banada'),
(1494, 1457, 'Kilnamanagh'),
(1495, 1436, 'Aughadown'),
(1496, 1436, 'Hollyhill'),
(1497, 1438, 'Lettermore'),
(1498, 1441, 'Ballyfoyle'),
(1500, 1451, 'Ballymacurley'),
(1501, 1453, 'Kilbarry'),
(1502, 1436, 'Templemichael'),
(1504, 1443, 'PikeofRushall'),
(1505, 1433, 'Killerig'),
(1506, 1433, 'Ballinabranna'),
(1507, 1436, 'Allihies'),
(1508, 1436, 'Castlehaven'),
(1510, 1458, 'Lattin'),
(1511, 1451, 'Cloonfad'),
(1512, 1450, 'Belmont'),
(1513, 1436, 'Clondrohid'),
(1514, 1436, 'UpperRochestown'),
(1515, 1453, 'Villierstown'),
(1516, 1439, 'Camp'),
(1518, 1436, 'RichmondHill'),
(1520, 3882, 'Castlederg'),
(1521, 1436, 'Kilmichael'),
(1522, 1454, 'Streamstown'),
(1524, 1451, 'Kilteevan'),
(1527, 1455, 'Oulart'),
(1529, 1453, 'Kinsalebeg'),
(1531, 1436, 'SummerhillNorth'),
(1532, 1437, 'Churchill'),
(1534, 3881, 'Newtownbutler'),
(1535, 1436, 'KerryPike'),
(1536, 1436, 'UpperAghada'),
(1538, 1436, 'Ahakista'),
(1539, 1438, 'Aran'),
(1540, 1457, 'Dublin22'),
(1541, 1458, 'Waterside'),
(1544, 1438, 'Caltra'),
(1545, 1451, 'Curraghroe'),
(1546, 1436, 'Ardfield'),
(1548, 1436, 'Cullen'),
(1549, 1438, 'Ballymacward'),
(1552, 1437, 'Fanad'),
(1557, 1436, 'Meelin'),
(1558, 1441, 'Rathmoyle'),
(1560, 1438, 'Moylough'),
(1561, 1453, 'Butlerstown'),
(1563, 1436, 'Kilcully'),
(1564, 1436, 'Greenmount'),
(1565, 1435, 'Crusheen'),
(1566, 1451, 'Ballyfarnon'),
(1567, 1436, 'Ballinahina'),
(1568, 1457, 'Summerhill'),
(1569, 1440, 'Lullymore'),
(1570, 1436, 'Dromahane'),
(1571, 1436, 'Clonbanin'),
(1572, 1458, 'Silvermines'),
(1573, 1443, 'Jamestown'),
(1574, 1435, 'Coolmeen'),
(1575, 1436, 'Carrigadrohid'),
(1576, 1452, 'Drumnacool'),
(1577, 1460, 'ArmaghCity'),
(1578, 3880, 'Killough'),
(1579, 1447, 'Cross'),
(1580, 1452, 'Bellaghy'),
(1584, 1457, 'Whitechurch'),
(1585, 1439, 'Ballyfinane'),
(1586, 1436, 'Lombardstown'),
(1588, 1445, 'Shroid'),
(1590, 1457, 'Killinarden'),
(1591, 1452, 'Ballinfull'),
(1592, 1450, 'Bracknagh'),
(1593, 1453, 'Killure'),
(1595, 1436, 'Churchfield'),
(1596, 1445, 'Lisryan'),
(1597, 1453, 'TheFolly'),
(1598, 1440, 'Rathbride'),
(1600, 1438, 'Rosscahill'),
(1602, 1447, 'Kilmaine'),
(1604, 1433, 'Brownshill'),
(1605, 1457, 'Bonnybrook'),
(1606, 1458, 'Ballinard'),
(1607, 1445, 'Clonterm'),
(1608, 1436, 'Crookhaven'),
(1609, 1440, 'Coolcarrigan'),
(1610, 1436, 'CapeClear'),
(1611, 1436, 'Ballymaloe'),
(1613, 1450, 'Ballycumber'),
(1615, 1439, 'Bonane'),
(1617, 1453, 'Ballymacarbery'),
(1620, 1433, 'Clonegal'),
(1623, 1449, 'Inniskeen'),
(1624, 1438, 'Kylemore'),
(1626, 1455, 'Adamstown'),
(1628, 1461, 'Kilrea'),
(1629, 3881, 'Roslea'),
(1630, 1445, 'Killashee'),
(1631, 1443, 'Ballylinan'),
(1632, 1453, 'Poleberry'),
(1633, 1458, 'Annacarty'),
(1634, 1436, 'Ballyclough'),
(1636, 1447, 'Knockmore'),
(1637, 1436, 'Dromina'),
(1638, 1447, 'Houndswood'),
(1639, 1453, 'Ballysaggart'),
(1640, 1438, 'Ballynahown'),
(1641, 1438, 'Ahascragh'),
(1642, 1458, 'Greenane'),
(1643, 1445, 'Clonahard'),
(1644, 1439, 'Castlecove'),
(1645, 1450, 'Castlejordan'),
(1646, 1441, 'Castlewarren'),
(1647, 1433, 'Ballaghmoon'),
(1648, 1436, 'Tullylease'),
(1649, 1441, 'TheRower'),
(1650, 1451, 'Four-Mile-House'),
(1651, 1433, 'MoyleBig'),
(1652, 1441, 'Conahy'),
(1653, 1457, 'NorthStrand'),
(1654, 1453, 'Avondale'),
(1655, 1452, 'Ardaghowen'),
(1656, 1457, 'Dublin10'),
(1657, 1434, 'Stradone'),
(1658, 1455, 'Bishopswater'),
(1659, 1457, 'Kingswood'),
(1661, 1436, 'Glenbrook'),
(1662, 1436, 'Mourneabbey'),
(1663, 3881, 'Brookeborough'),
(1664, 1434, 'Butlersbridge'),
(1665, 1435, 'Ogonnelloe'),
(1666, 1457, 'St.Margaret''s'),
(1668, 1452, 'Sooey'),
(1670, 1445, 'Glebe'),
(1671, 1457, 'Dublin6W'),
(1673, 1440, 'Athgaravan'),
(1675, 1457, 'Donaghmede'),
(1676, 1440, 'Enfield'),
(1677, 1441, 'Knocktopher'),
(1679, 1453, 'Ballytruckle'),
(1680, 1451, 'Arigna'),
(1681, 1436, 'Dunderrow'),
(1683, 1455, 'Newtown'),
(1684, 1435, 'Bodyke'),
(1685, 1458, 'Kilfeacle'),
(1687, 1440, 'Rathilla'),
(1688, 1458, 'LattinWest'),
(1689, 1439, 'Beale'),
(1690, 1442, 'Rossinver'),
(1692, 1438, 'Belclare'),
(1693, 1439, 'Brosna'),
(1695, 1434, 'Latt'),
(1696, 1436, 'SummerhillSouth'),
(1697, 1434, 'Ballyhaise'),
(1699, 1441, 'Kilmanagh'),
(1700, 1438, 'Ballinderreen'),
(1701, 1436, 'Tracton'),
(1702, 1442, 'Drumcong'),
(1703, 1454, 'Rochfordbridge'),
(1704, 1457, 'TheLiberties'),
(1705, 1436, 'Carriganima'),
(1706, 1457, 'Hartstown'),
(1707, 1458, 'Fawnagown'),
(1709, 1435, 'Connolly'),
(1711, 1438, 'Finney'),
(1712, 1453, 'Ballylaneen'),
(1713, 1457, 'Loughshinny'),
(1714, 1453, 'HalfwayHouse'),
(1716, 1457, 'SouthCircularRoad'),
(1717, 1457, 'Tibradden'),
(1718, 1455, 'Riverchapel'),
(1720, 1436, 'Ballymartle'),
(1722, 1451, 'Rathbrennan'),
(1723, 1441, 'Woodsgift'),
(1725, 1449, 'Castleshane'),
(1726, 1445, 'Colehill'),
(1727, 1443, 'Rosenallis'),
(1728, 1445, 'Creenagh'),
(1729, 1435, 'Moyasta'),
(1730, 1443, 'Ballybrophy'),
(1731, 1441, 'Galmoy'),
(1733, 1436, 'Leamlara'),
(1734, 1449, 'Smithboro'),
(1735, 1436, 'UpperCarrigadrohid'),
(1737, 1460, 'Forkhill'),
(1739, 1442, 'LoughAllen'),
(1740, 1441, 'Gathabaun'),
(1741, 1442, 'Aughnasheelin'),
(1742, 1439, 'Scartaglin'),
(1743, 1457, 'FitzwilliamPlace'),
(1744, 1445, 'Moneylagan'),
(1745, 1438, 'Claddaghduff'),
(1746, 1461, 'Glenullin'),
(1747, 1461, 'Garvagh'),
(1748, 1451, 'Ballyleague'),
(1750, 1439, 'Lispole'),
(1751, 1445, 'Ballinamuck'),
(1753, 1461, 'Foylesprings'),
(1754, 1454, 'Lismacaffrey'),
(1755, 1436, 'Rusheen'),
(1756, 1439, 'Shrone'),
(1757, 1451, 'Emoe'),
(1758, 1441, 'Johnswell'),
(1759, 1457, 'Knockmitten'),
(1760, 1458, 'Monard'),
(1761, 1443, 'Cullohill'),
(1762, 1435, 'Tuamgraney'),
(1763, 1457, 'WestDublin'),
(1764, 1434, 'Drumbar'),
(1765, 1445, 'Cooleeny'),
(1768, 1437, 'Annagry'),
(1769, 1457, 'MerrionVillage'),
(1770, 1443, 'Ballaghmore'),
(1772, 1451, 'Roxboro'),
(1773, 1439, 'Currow'),
(1774, 1455, 'Ballymurn'),
(1775, 1440, 'Rahilla'),
(1778, 1457, 'NorthCircularRoad'),
(1780, 1436, 'Tower'),
(1781, 1443, 'Maganey'),
(1782, 1457, 'Smithfield'),
(1783, 1440, 'Colbinstown'),
(1784, 1445, 'Carrickboy'),
(1786, 1460, 'Cullyhanna'),
(1787, 1457, 'Ennafort'),
(1788, 1451, 'Ballintubber'),
(1789, 1451, 'Cloverhill'),
(1790, 1451, 'FourRoads'),
(1791, 1446, 'Termonfechin'),
(1792, 1457, 'Kilsallaghan'),
(1793, 1437, 'Glenfinn'),
(1794, 1434, 'Canningstown'),
(1795, 1439, 'Firies'),
(1796, 1443, 'Vicarstown'),
(1797, 1436, 'Ballinrea'),
(1798, 1436, 'Ballyfeard'),
(1799, 1436, 'Ballincurrig'),
(1800, 1445, 'Farneghootan'),
(1801, 1458, 'Drangan'),
(1802, 1436, 'Lyre'),
(1803, 1455, 'Piercestown'),
(1806, 1452, 'Geevagh'),
(1808, 1460, 'Crossmaglen'),
(1809, 1457, 'GlasnevinDowns'),
(1811, 1438, 'Kilchreest'),
(1812, 1455, 'Laraheen'),
(1813, 1443, 'Ballyfin'),
(1814, 3880, 'Clough'),
(1815, 1441, 'Castleinch'),
(1817, 1460, 'Poyntzpass'),
(1819, 1455, 'Ramsgrange'),
(1820, 1436, 'Mardyke'),
(1821, 1451, 'Castleplunket'),
(1822, 1436, 'Lissarda'),
(1823, 1457, 'Rockbrook'),
(1824, 3882, 'Beragh'),
(1825, 1458, 'Ballinahinch'),
(1827, 1436, 'Bweeng'),
(1828, 1449, 'Tydavnet'),
(1830, 1435, 'Inagh'),
(1831, 1452, 'Calry'),
(1832, 1436, 'Cloghroe'),
(1833, 1452, 'Ballintrillick'),
(1834, 1451, 'Runnamoat'),
(1835, 3881, 'Belcoo'),
(1836, 1450, 'Dunkerrin'),
(1837, 1439, 'Currans'),
(1838, 1439, 'Kilmoyley'),
(1840, 1440, 'Allenwood'),
(1841, 1460, 'Bessbrook'),
(1843, 1436, 'MontenottePark'),
(1844, 1441, 'Smithstown'),
(1845, 1457, 'Brookfield'),
(1846, 1452, 'Bunnanadden'),
(1847, 1434, 'Carrickaboy'),
(1849, 1435, 'Kilmore'),
(1850, 1436, 'Rathpeacon'),
(1852, 3880, 'Scarva'),
(1853, 1441, 'Neworchard'),
(1854, 1457, 'Dublin24'),
(1855, 1447, 'Roundfort'),
(1856, 1437, 'MalinHead'),
(1857, 1440, 'Ballytore'),
(1858, 1452, 'Tullyhill'),
(1860, 1451, 'ArdsallaghBeg'),
(1862, 1436, 'Frankfield'),
(1863, 1435, 'Ruan'),
(1864, 1452, 'Dromard'),
(1865, 1435, 'Quilty'),
(1867, 1436, 'Upton'),
(1868, 1443, 'Courtwood'),
(1870, 1435, 'Kilshanny'),
(1872, 1439, 'Lauragh'),
(1873, 1447, 'Ballycroy'),
(1874, 1434, 'RedhillsVillage'),
(1876, 1436, 'C\\u00failAodha'),
(1877, 1445, 'Deanscurragh'),
(1878, 1446, 'Baltray'),
(1880, 1457, 'KillO''TheGrange'),
(1881, 1457, 'Belcamp'),
(1883, 1450, 'WalshIsland'),
(1885, 1436, 'Mogeely'),
(1887, 1436, 'Ballyheada'),
(1888, 1437, 'Magheraclogher'),
(1889, 1453, 'Fenor'),
(1890, 1457, 'Loughlinstown'),
(1891, 1436, 'Ballymacthomas'),
(1892, 1453, 'Leamybrien'),
(1893, 1457, 'Merrion'),
(1894, 1436, 'Canovee'),
(1895, 1433, 'Pollerton'),
(1896, 1451, 'Rahara'),
(1897, 1438, 'Killbarrack'),
(1898, 1454, 'Milltownpass'),
(1901, 3882, 'Moy'),
(1902, 1458, 'Boherlahan'),
(1903, 1458, 'Portglenone'),
(1905, 1455, 'Glenbrien'),
(1906, 1441, 'Shellumsrath'),
(1907, 1458, 'Dromline'),
(1908, 3881, 'Maguiresbridge'),
(1909, 1446, 'Stonetown'),
(1911, 1433, 'Palatine'),
(1915, 1460, 'Middletown'),
(1916, 1454, 'Slanemore'),
(1917, 1455, 'Tacumshane'),
(1918, 1455, 'Ballywilliam'),
(1921, 1457, 'Naul'),
(1922, 1433, 'Ballyharmon'),
(1923, 1455, 'Blackwater'),
(1924, 1441, 'Outrath'),
(1925, 1458, 'Dualla'),
(1927, 1451, 'Essexgrove'),
(1928, 1442, 'Gorvagh'),
(1930, 1454, 'Rathwire'),
(1931, 1457, 'CrumlinVillage'),
(1932, 1457, 'Carrickmines'),
(1933, 3881, 'Teemore'),
(1934, 1436, 'Currabinny'),
(1935, 1447, 'Blacksod'),
(1936, 1434, 'Glangevlin'),
(1937, 1457, 'Balally'),
(1938, 1453, 'Ballymaclode'),
(1939, 1453, 'Ballygunnermore'),
(1940, 1449, 'Stranooden'),
(1942, 1439, 'Cloghane'),
(1943, 1455, 'CourtownHarbour'),
(1944, 1446, 'Annagassan'),
(1945, 1433, 'LowerRossmore'),
(1946, 1436, 'UpperFairhill'),
(1947, 1455, 'Mulgannon'),
(1949, 1434, 'Gowna'),
(1951, 1436, 'Ballynoe'),
(1952, 1436, 'Pouladuff'),
(1953, 1449, 'Tyholland'),
(1954, 1449, 'Laturcan'),
(1956, 1449, 'Drum'),
(1957, 1449, 'Braddox'),
(1959, 1453, 'Rathgormack'),
(1960, 1441, 'Drakelands'),
(1964, 1436, 'Lislevane'),
(1965, 1452, 'Finisklin'),
(1966, 1460, 'Derrynoose'),
(1968, 1453, 'Ballygunner'),
(1969, 1436, 'Cloughduv'),
(1971, 1457, 'Balrothery'),
(1972, 1436, 'Lotabeg'),
(1974, 1447, 'BangorErris'),
(1975, 1457, 'Rathmichael'),
(1977, 1452, 'Drumfin'),
(1978, 1433, 'Knockbeg'),
(1979, 1455, 'WellingtonBridge'),
(1980, 1451, 'Tremane'),
(1981, 3882, 'Ballymagorry'),
(1982, 1458, 'Burncourt'),
(1983, 1455, 'Ballycullane'),
(1985, 1458, 'Ballyduag'),
(1986, 1436, 'Lisgoold'),
(1988, 1437, 'InchIsland'),
(1990, 1454, 'Ballinalack'),
(1991, 1436, 'Fountainstown'),
(1992, 1434, 'RockCross'),
(1993, 1434, 'Poles'),
(1994, 1437, 'Bruckless'),
(1995, 1454, 'Ballinagore'),
(1996, 1437, 'Kilmacrennan'),
(1997, 1452, 'DromoreWest'),
(1998, 1435, 'Kilnamona'),
(2000, 1454, 'Coole'),
(2001, 1440, 'Mooretown'),
(2002, 1455, 'Duncormack'),
(2003, 1447, 'Burrishoole'),
(2004, 1433, 'Coolkenno'),
(2005, 1457, 'Maryland'),
(2006, 1440, 'Ballitore'),
(2007, 1449, 'Legacurry'),
(2008, 1449, 'Culloville'),
(2009, 1455, 'Tagoat'),
(2011, 1442, 'Leckaun'),
(2012, 1449, 'Scotshouse'),
(2013, 1449, 'Threemilehouse'),
(2015, 1460, 'Jonesboro'),
(2016, 1461, 'Eglinton'),
(2017, 1458, 'Loughmore'),
(2018, 1437, 'Teelin'),
(2019, 1452, 'Keash'),
(2021, 3882, 'SionMills'),
(2022, 1443, 'Wolfhill'),
(2024, 1451, 'Ballyforan'),
(2025, 1460, 'Keady'),
(2026, 1437, 'Loughanure'),
(2028, 1460, 'Silverbridge'),
(2030, 1461, 'Claudy'),
(2031, 1437, 'StJohnston'),
(2032, 1447, 'Lahardane'),
(2034, 1434, 'Corlismore'),
(2036, 1455, 'Cleariestown'),
(2037, 3882, 'Plumbridge'),
(2038, 1441, 'Ballyhendricken'),
(2039, 1450, 'Clonmacnois'),
(2042, 1449, 'Corcaghan'),
(2044, 1461, 'Altnagelvin'),
(2046, 1434, 'Fairtown'),
(2047, 1458, 'Templetuohy'),
(2048, 1435, 'Cooraclare'),
(2049, 1447, 'Glenamoy'),
(2051, 1438, 'Ower'),
(2052, 1457, 'KimmageManor'),
(2053, 1447, 'Geesala'),
(2054, 1440, 'Ballysax'),
(2055, 1446, 'Monasterboice'),
(2056, 1441, 'Templeorum'),
(2057, 1433, 'Raheendoran'),
(2058, 1436, 'DublinHill'),
(2059, 1447, 'Doohoma'),
(2060, 1441, 'Dunnamaggin'),
(2061, 1434, 'Farnham'),
(2062, 1442, 'Glenade'),
(2063, 3881, 'Boho'),
(2065, 1452, 'Monasteraden'),
(2066, 1455, 'Mayglass'),
(2067, 1439, 'Ballymacelligott'),
(2068, 1436, 'Chetwynd'),
(2069, 1433, 'Hanover'),
(2071, 1458, 'DranganVillage'),
(2072, 1460, 'Warningstown'),
(2073, 1449, 'Annyalla'),
(2075, 1437, 'Quigley''sPoint'),
(2076, 3882, 'Newtownstewart'),
(2077, 1458, 'Rathcabbin'),
(2078, 1447, 'Moygownagh'),
(2079, 1443, 'Donaghmore'),
(2080, 1446, 'Mullacrew'),
(2081, 1439, 'Kilflynn'),
(2082, 1457, 'Rolestown'),
(2083, 1436, 'Ballinadee'),
(2084, 1434, 'Corlough'),
(2085, 1437, 'Drumkeen'),
(2086, 1437, 'Sappagh'),
(2087, 1455, 'TheBallagh'),
(2088, 3881, 'Donagh'),
(2089, 1449, 'Tullyherim'),
(2090, 1438, 'Clonberne'),
(2092, 1438, 'Kilkerrin'),
(2093, 1434, 'Bawnboy'),
(2094, 1457, 'PalmerstownGreen'),
(2095, 1442, 'Killargue'),
(2096, 1434, 'Keadue'),
(2097, 3881, 'Kinawley'),
(2099, 1449, 'Carrickroe'),
(2101, 1455, 'Ballymitty'),
(2102, 1438, 'Camus'),
(2103, 1449, 'Cornacassa'),
(2104, 1452, 'Kilmactranny'),
(2105, 1445, 'Ballymacormack'),
(2106, 3880, 'Carryduff'),
(2107, 3882, 'Dunamanagh'),
(2108, 1434, 'Gartnasilla'),
(2109, 1452, 'Barroe'),
(2110, 1439, 'Barraduff'),
(2111, 1452, 'Dunally'),
(2113, 1439, 'Ballydonoghue'),
(2114, 3882, 'Drumquin'),
(2116, 1437, 'Burt'),
(2118, 1457, 'MountArgus'),
(2119, 1434, 'Drumaughra'),
(2120, 1437, 'Manorcunningham'),
(2121, 1451, 'Fairymount'),
(2122, 1442, 'Fivemilebourne'),
(2123, 3881, 'Belnaleck'),
(2124, 1435, 'Knockalough'),
(2125, 1455, 'Kilanerin'),
(2127, 1458, 'Donaskeagh'),
(2130, 1451, 'Brusna'),
(2131, 1437, 'Fintown'),
(2133, 1447, 'InnisturkIsland'),
(2134, 1457, 'Phibsborough'),
(2135, 1441, 'Geataban'),
(2136, 1435, 'Six-Mile-Bridge'),
(2137, 1439, 'Derrynane'),
(2138, 1452, 'Maugheraboy'),
(2139, 1461, 'Drumahoe'),
(2140, 1434, 'Drung'),
(2141, 1455, 'Screen'),
(2142, 1461, 'Culmore'),
(2144, 1453, 'Modeligo'),
(2147, 1438, 'Oranbeg'),
(2148, 1435, 'Clooney'),
(2149, 1453, 'Killoteran'),
(2150, 1438, 'Kilconly'),
(2151, 1438, 'Roscam'),
(2153, 1434, 'Drumalee'),
(2155, 1457, 'Dublin17'),
(2157, 1437, 'Doochary'),
(2158, 1447, 'Glencorrib'),
(2159, 1436, 'Kilnap'),
(2161, 1437, 'Carrickfinn'),
(2162, 1452, 'Caltragh'),
(2164, 1442, 'Drumkeerin'),
(2165, 1451, 'Loughglynn'),
(2166, 1436, 'Aghada'),
(2167, 1451, 'Knockvicar'),
(2168, 1453, 'Glencairn'),
(2169, 3882, 'Sixmilecross'),
(2170, 1455, 'Ballyhack'),
(2171, 1437, 'Drimarone'),
(2174, 1449, 'Dunraymond'),
(2175, 1434, 'Annaglough'),
(2177, 1457, 'Foxfield'),
(2178, 1442, 'Gortletteragh'),
(2179, 1442, 'Farnaught'),
(2180, 1447, 'Straide'),
(2181, 1452, 'Cranmore'),
(2182, 1452, 'Castlegal'),
(2184, 1438, 'Terryland'),
(2186, 1445, 'Carryglass'),
(2187, 1438, 'Abbeyknockmoy'),
(2188, 1447, 'Bonniconlon'),
(2189, 1452, 'Ballinacarrow'),
(2190, 1457, 'Carpenterstown'),
(2191, 1437, 'Glenvar'),
(2193, 1460, 'Dartley'),
(2196, 1447, 'Mulranny'),
(2197, 1458, 'NewInn'),
(2198, 1433, 'Rathoe'),
(2199, 1457, 'Broadstone'),
(2200, 1441, 'Radestown'),
(2201, 1439, 'Kilmorna'),
(2202, 1437, 'Dunlewey'),
(2203, 1451, 'Lecarrow'),
(2204, 3882, 'Caledon'),
(2205, 3881, 'Ederney'),
(2206, 1452, 'Carrowroe'),
(2207, 1453, 'Knockanore'),
(2209, 3882, 'Aghyaran'),
(2210, 1455, 'Killurin'),
(2213, 1458, 'Solohead'),
(2215, 3882, 'Coalisland'),
(2217, 1449, 'Doohamlet'),
(2219, 1437, 'ToryIsland'),
(2220, 1437, 'Culdaff'),
(2221, 1460, 'Tassagh'),
(2223, 1447, 'Belcarra'),
(2224, 1441, 'Attanagh'),
(2225, 3882, 'Clady'),
(2226, 1442, 'Newtowngore'),
(2227, 1446, 'Tallanstown'),
(2230, 1450, 'Mountbolus'),
(2232, 1447, 'Rossport'),
(2234, 1441, 'Lisdowney'),
(2235, 3880, 'Rathfriland'),
(2236, 1434, 'Creighan'),
(2237, 1439, 'Glenflesk'),
(2238, 1458, 'Puckane'),
(2239, 1445, 'Moatefarrell'),
(2241, 1455, 'Tomhaggard'),
(2242, 1457, 'Corduff'),
(2243, 3882, 'Fivemiletown'),
(2244, 1451, 'Ballymacurly'),
(2245, 3881, 'Adrumsee'),
(2246, 1443, 'Castletown'),
(2247, 1439, 'Brandon'),
(2248, 1442, 'Aughamore'),
(2251, 1437, 'Knocfola'),
(2252, 1452, 'AughamoreFar'),
(2253, 1460, 'Dromintee'),
(2254, 1443, 'Shanahoe'),
(2256, 1458, 'Ballingarry(SR)'),
(2257, 1458, 'Ballingarry(NR)'),
(2259, 1438, 'Menlough'),
(2260, 1436, 'Riverstick'),
(2261, 1452, 'Bunninadden'),
(2262, 1450, 'Rahan'),
(2263, 1458, 'Cloughmills'),
(2264, 1439, 'Templenoe'),
(2265, 1436, 'Araglen'),
(2266, 1452, 'Achonry'),
(2268, 1446, 'Dromiskin'),
(2269, 1441, 'Skeoughvosteen'),
(2270, 1447, 'Attymass'),
(2272, 1455, 'Gusserane'),
(2273, 1436, 'Caheragh'),
(2274, 1460, 'Maghery'),
(2275, 1436, 'Garryvoe'),
(2277, 1458, 'Donaskeigh'),
(2278, 1435, 'Flagmount'),
(2279, 1450, 'Clonfanlough'),
(2280, 1461, 'Dungiven'),
(2281, 1436, 'Templemartin'),
(2282, 3880, 'Ballywalter'),
(2283, 1457, 'Town:null}'),
(2284, 1457, 'Dublin20'),
(2286, 1457, 'Coolmine'),
(2287, 1438, 'Rosmuc'),
(2288, 3881, 'Tempo'),
(2289, 1455, 'Coolgreany'),
(2290, 1450, 'ShannonHarbour'),
(2291, 1438, 'Glinsk'),
(2292, 1445, 'Derryharrow'),
(2293, 1446, 'Kilsaran'),
(2295, 1433, 'Ballymurphy'),
(2296, 1440, 'Kilkea'),
(2297, 1455, 'Monamolin'),
(2300, 1441, 'DrakelandsMiddle'),
(2301, 1447, 'Kilmeena'),
(2303, 1436, 'Bartlemy'),
(2304, 1455, 'Ballindaggin'),
(2305, 1435, 'Labasheeda'),
(2306, 3880, 'Bryansford'),
(2307, 1437, 'Gleneely'),
(2308, 1455, 'Killann'),
(2310, 1447, 'Carracastle'),
(2314, 1446, 'Grangebellew'),
(2315, 1441, 'Bigwood'),
(2317, 1434, 'MountainLodge'),
(2318, 1453, 'Crooke'),
(2320, 1447, 'Partry'),
(2321, 1458, 'Rossadrehid'),
(2323, 1435, 'O''Briensbridge'),
(2324, 1439, 'Cahersiveen'),
(2325, 1453, 'Annestown'),
(2327, 1437, 'Cranford'),
(2330, 1452, 'Skreen'),
(2331, 1434, 'LochGowna'),
(2332, 1435, 'TheBurren'),
(2333, 3880, 'Loughbrickland'),
(2338, 1441, 'Coon'),
(2339, 1446, 'Drumcar'),
(2340, 1445, 'Caramana'),
(2342, 1434, 'Mullahoran'),
(2343, 1442, 'Tawley'),
(2345, 1451, 'Ballinaheglish'),
(2346, 1460, 'Glassdrummond'),
(2347, 1460, 'Newtownhamilton'),
(2348, 1438, 'Sheanafeisteen'),
(2352, 1454, 'Horseleap'),
(2354, 1438, 'Kilaltanagh'),
(2355, 1455, 'Cahore'),
(2356, 1457, 'Clarehall'),
(2358, 1458, 'Cloneen'),
(2360, 1434, 'Killykeen'),
(2361, 1434, 'Garadice'),
(2362, 1458, 'Upperchurch'),
(2363, 1458, 'Dromineer'),
(2364, 1449, 'Broomfield'),
(2365, 1437, 'Carrigans'),
(2366, 1440, 'Narraghmore'),
(2368, 1439, 'Dunquin'),
(2369, 1434, 'Tierworker'),
(2371, 1436, 'Bealnamorrive'),
(2372, 1449, 'Aghabog'),
(2373, 1436, 'Derrinagree'),
(2374, 1437, 'Ranafast'),
(2375, 1460, 'Mullaghbawn'),
(2377, 1436, 'Curraglass'),
(2379, 1435, 'SpancilHill'),
(2381, 1436, 'Ballindangan'),
(2382, 1433, 'Kellistown'),
(2383, 1436, 'ChurchtownSouth'),
(2384, 1458, 'Kilcommon'),
(2385, 1440, 'CoillDubh'),
(2386, 3882, 'Trillick'),
(2387, 1436, 'Saleen'),
(2389, 1439, 'Lyreacrompane'),
(2390, 1437, 'Killea'),
(2391, 1438, 'Laurencetown'),
(2392, 1438, 'kiltormer'),
(2393, 1455, 'Clonard'),
(2394, 1436, 'ModelFarmRoad'),
(2396, 1447, 'Aughoose'),
(2398, 1458, 'Gortagarry'),
(2401, 1436, 'Kilbehenny'),
(2402, 1442, 'Cornagun'),
(2403, 3881, 'Ballinamallard'),
(2404, 1453, 'CloneaPower'),
(2405, 1435, 'Dorra'),
(2406, 1458, 'Moyglass'),
(2408, 1434, 'Bruskey'),
(2409, 1435, 'Doora'),
(2410, 3880, 'Dromara'),
(2411, 3882, 'Fintona'),
(2416, 1438, 'Kylebrack'),
(2417, 1435, 'Rathclooney'),
(2418, 1437, 'Ballindrait'),
(2422, 1436, 'Kilmurry'),
(2423, 1447, 'Aghamore'),
(2425, 1436, 'Ballygurteen'),
(2426, 1449, 'Magheracloone'),
(2427, 1453, 'Ballydurn');

--
-- Indexes for dumped tables
--

--
-- Indexes for table `counties`
--
ALTER TABLE `counties`
  ADD PRIMARY KEY (`id`),
  ADD KEY `subregion_region_id` (`country_id`);

--
-- Indexes for table `countries`
--
ALTER TABLE `countries`
  ADD PRIMARY KEY (`id`);

--
-- Indexes for table `towns`
--
ALTER TABLE `towns`
  ADD PRIMARY KEY (`townID`),
  ADD KEY `countyID` (`countyID`),
  ADD KEY `countyID_2` (`countyID`),
  ADD KEY `countyID_3` (`countyID`);

--
-- AUTO_INCREMENT for dumped tables
--

--
-- AUTO_INCREMENT for table `counties`
--
ALTER TABLE `counties`
  MODIFY `id` int(10) unsigned NOT NULL AUTO_INCREMENT,AUTO_INCREMENT=3883;
--
-- AUTO_INCREMENT for table `countries`
--
ALTER TABLE `countries`
  MODIFY `id` int(10) unsigned NOT NULL AUTO_INCREMENT,AUTO_INCREMENT=895;
--
-- AUTO_INCREMENT for table `towns`
--
ALTER TABLE `towns`
  MODIFY `townID` int(10) NOT NULL AUTO_INCREMENT,AUTO_INCREMENT=2428;
--
-- Constraints for dumped tables
--

--
-- Constraints for table `counties`
--
ALTER TABLE `counties`
  ADD CONSTRAINT `subregion_region_id` FOREIGN KEY (`country_id`) REFERENCES `countries` (`id`) ON DELETE NO ACTION ON UPDATE CASCADE;

/*!40101 SET CHARACTER_SET_CLIENT=@OLD_CHARACTER_SET_CLIENT */;
/*!40101 SET CHARACTER_SET_RESULTS=@OLD_CHARACTER_SET_RESULTS */;
/*!40101 SET COLLATION_CONNECTION=@OLD_COLLATION_CONNECTION */;
